Date,Price,Returns
2013-01-01,132.63540649414062,
2013-01-02,131.17803955078125,-0.01098776700641968
2013-01-03,134.70974731445312,0.026923010709461792
2013-01-04,134.77288818359375,0.0004687178945799175
2013-01-07,134.57371520996094,-0.0014778415474890894
2013-01-08,134.4522705078125,-0.0009024399895548596
2013-01-09,133.2280731201172,-0.009105070394658576
2013-01-10,136.55088806152344,0.024940801616266217
2013-01-11,134.56399536132812,-0.014550565934804527
2013-01-14,135.42385864257812,0.006389995176206753
2013-01-15,136.6091766357422,0.008752652634809843
2013-01-16,134.6417236328125,-0.014402055933444013
2013-01-17,134.30653381347656,-0.002489494417421856
2013-01-18,133.2475128173828,-0.00788510406771803
2013-01-21,135.1809539794922,0.014510148228876751
2013-01-22,135.00607299804688,-0.0012936806280553492
2013-01-23,132.00999450683594,-0.022192175690157856
2013-01-24,130.1999969482422,-0.013711064570190667
2013-01-25,130.76499938964844,0.004339496579488067
2013-01-28,130.0500030517578,-0.005467795979259726
2013-01-29,129.52499389648438,-0.004036979184571687
2013-01-30,130.50999450683594,0.007604714586118888
2013-01-31,129.1750030517578,-0.010229036175525952
2013-02-01,129.61500549316406,0.0034062506755270228
2013-02-04,129.25,-0.0028160743563238055
2013-02-05,128.02999877929688,-0.0094390810112428
2013-02-06,127.98500061035156,-0.00035146582343470456
2013-02-07,126.16000366210938,-0.014259459620571957
2013-02-08,125.09500122070312,-0.008441680488997294
2013-02-11,124.48500061035156,-0.004876298848067839
2013-02-12,124.19499969482422,-0.0023296052866246253
2013-02-13,125.94000244140625,0.014050507273802637
2013-02-14,129.19500732421875,0.025845679051236248
2013-02-15,128.92999267578125,-0.002051276236801014
2013-02-18,127.80999755859375,-0.008686846977521645
2013-02-19,127.0999984741211,-0.005555113825482683
2013-02-20,128.50999450683594,0.01109359598459747
2013-02-21,126.4800033569336,-0.01579636788323391
2013-02-22,123.90499877929688,-0.020358985683846864
2013-02-25,128.66000366210938,0.03837621508138067
2013-02-26,127.93499755859375,-0.005635054273895879
2013-02-27,131.11000061035156,0.02481731435765777
2013-02-28,128.13499450683594,-0.022690916708612563
2013-03-01,128.22999572753906,0.0007414151073152908
2013-03-04,125.72000122070312,-0.019574160418511788
2013-03-05,127.16000366210938,0.011454044125232654
2013-03-06,124.83000183105469,-0.018323386001513398
2013-03-07,125.83000183105469,0.00801089469944416
2013-03-08,128.47500610351562,0.021020458030448497
2013-03-11,127.88500213623047,-0.0045923638003937395
2013-03-12,126.23500061035156,-0.012902228551564088
2013-03-13,125.26000213623047,-0.007723677818409547
2013-03-14,126.6449966430664,0.011056957394345535
2013-03-15,129.89999389648438,0.025701743769568575
2013-03-18,128.34500122070312,-0.011970690907194381
2013-03-19,125.3499984741211,-0.023335562102896446
2013-03-20,124.91000366210938,-0.003510130174453563
2013-03-21,123.6050033569336,-0.010447524352860449
2013-03-22,120.97000122070312,-0.021317924555378953
2013-03-25,117.43000030517578,-0.02926346102178512
2013-03-26,113.6500015258789,-0.03218937894467733
2013-03-28,114.80999755859375,0.010206740142020276
2013-04-01,117.30999755859375,0.02177510716106501
2013-04-02,118.25499725341797,0.008055576800708897
2013-04-03,120.69000244140625,0.020591139863376018
2013-04-04,119.51499938964844,-0.009735711558447102
2013-04-05,117.27999877929688,-0.018700586719369916
2013-04-08,117.26000213623047,-0.00017050343856195305
2013-04-09,113.69499969482422,-0.030402544571545342
2013-04-10,112.375,-0.011610006582235877
2013-04-11,111.06999969482422,-0.011612905941497442
2013-04-12,111.94999694824219,0.007922906778030425
2013-04-15,111.36499786376953,-0.005225539083695718
2013-04-16,112.42500305175781,0.009518297564958145
2013-04-17,114.56500244140625,0.01903490621799886
2013-04-18,117.1449966430664,0.022519915739360963
2013-04-22,122.20500183105469,0.043194377335685985
2013-04-23,123.91500091552734,0.01399287311362829
2013-04-25,129.0500030517578,0.041439713499505926
2013-04-26,126.11000061035156,-0.022781885872773744
2013-04-29,121.56999969482422,-0.03600032426892785
2013-04-30,122.625,0.00867813035966214
2013-05-02,126.80999755859375,0.034128420457441466
2013-05-03,124.2300033569336,-0.020345353294940693
2013-05-06,126.00499725341797,0.014287964650411489
2013-05-07,128.13499450683594,0.0169040696785554
2013-05-08,136.2100067138672,0.06301956961960498
2013-05-09,139.0,0.0204830273005836
2013-05-10,139.94500732421875,0.006798613843300272
2013-05-13,137.875,-0.014791576804330298
2013-05-14,138.03500366210938,0.001160498002606536
2013-05-15,140.11500549316406,0.015068654876456256
2013-05-16,147.36000061035156,0.05170748908503575
2013-05-17,150.9250030517578,0.024192470321934945
2013-05-20,158.11500549316406,0.047639571283894844
2013-05-21,149.24000549316406,-0.056130029988733066
2013-05-22,144.42999267578125,-0.03223004985485034
2013-05-23,142.52000427246094,-0.013224319740899548
2013-05-24,144.18499755859375,0.011682523408782508
2013-05-27,145.55999755859375,0.009536359699567454
2013-05-28,147.48500061035156,0.013224808216851791
2013-05-29,148.2050018310547,0.004881860648360714
2013-05-30,147.0749969482422,-0.00762460692184086
2013-05-31,147.23500061035156,0.0010879052553418589
2013-06-03,147.7899932861328,0.003769434397259852
2013-06-04,145.77499389648438,-0.013634207193901404
2013-06-05,146.6999969482422,0.006345416501369661
2013-06-06,145.43499755859375,-0.00862303623697247
2013-06-07,150.3350067138672,0.03369209088272784
2013-06-10,149.36500549316406,-0.006452264458599033
2013-06-11,149.49000549316406,0.0008368760780832485
2013-06-12,145.63999938964844,-0.02575427093479954
2013-06-13,143.75999450683594,-0.012908575190135108
2013-06-14,143.96499633789062,0.0014260005487474192
2013-06-17,143.8000030517578,-0.0011460652959387474
2013-06-18,143.93499755859375,0.0009387656743466977
2013-06-19,142.96499633789062,-0.0067391616851784075
2013-06-20,142.1999969482422,-0.0053509558930103784
2013-06-21,139.7550048828125,-0.017194037397339823
2013-06-24,134.14999389648438,-0.04010597682013639
2013-06-25,137.64999389648438,0.026090198727110936
2013-06-26,137.4149932861328,-0.0017072329878073944
2013-06-27,134.85000610351562,-0.018665992125591724
2013-06-28,138.47500610351562,0.0268817192134001
2013-07-01,143.89999389648438,0.03917665682508331
2013-07-02,141.88499450683594,-0.014002776060560107
2013-07-03,141.77499389648438,-0.000775280083238572
2013-07-04,140.8000030517578,-0.006877029706934379
2013-07-05,141.33999633789062,0.003835179505886188
2013-07-08,138.71499633789062,-0.018572237639829958
2013-07-09,139.2100067138672,0.003568542616479542
2013-07-10,139.49000549316406,0.0020113408935635846
2013-07-11,144.93499755859375,0.039034997856506104
2013-07-12,144.11500549316406,-0.005657653977592103
2013-07-15,148.11500549316406,0.027755610779820916
2013-07-16,142.0050048828125,-0.04125173266548987
2013-07-17,141.05999755859375,-0.0066547466055763005
2013-07-18,137.4550018310547,-0.025556470933877695
2013-07-19,132.53500366210938,-0.03579351863086411
2013-07-22,134.09500122070312,0.011770456977319599
2013-07-23,135.63499450683594,0.01148434521879138
2013-07-24,131.31500244140625,-0.03185012895187578
2013-07-25,130.25999450683594,-0.008034176712147345
2013-07-26,125.37000274658203,-0.03754024233432074
2013-07-29,121.05000305175781,-0.03445800111815023
2013-07-30,117.98999786376953,-0.02527885262984997
2013-07-31,114.3949966430664,-0.03046869468422142
2013-08-01,112.98500061035156,-0.012325679217547347
2013-08-02,110.25499725341797,-0.024162529027622726
2013-08-05,106.98999786376953,-0.029613164672653625
2013-08-06,101.99500274658203,-0.0466865615190275
2013-08-07,101.61000061035156,-0.003774715680797125
2013-08-08,105.27999877929688,0.03611847403700774
2013-08-12,113.23500061035156,0.07556042860269319
2013-08-13,124.4000015258789,0.09860026365829055
2013-08-14,122.25,-0.01728297025327319
2013-08-16,115.0199966430664,-0.059141131754057996
2013-08-19,111.69999694824219,-0.0288645434856597
2013-08-20,115.54000091552734,0.03437783412889872
2013-08-21,110.00499725341797,-0.047905518593132745
2013-08-22,109.57499694824219,-0.003908916103012916
2013-08-23,113.7699966430664,0.03828427845456139
2013-08-26,112.1050033569336,-0.014634730906747273
2013-08-27,104.26499938964844,-0.06993446976066886
2013-08-28,98.42500305175781,-0.056011090702317023
2013-08-29,100.79499816894531,0.0240791978024244
2013-08-30,102.68000030517578,0.018701346004004638
2013-09-02,101.18000030517578,-0.014608492360165926
2013-09-03,100.08999633789062,-0.010772919193491992
2013-09-04,98.58000183105469,-0.01508636788973794
2013-09-05,106.6500015258789,0.08186244212750671
2013-09-06,109.55000305175781,0.027191762629044325
2013-09-10,114.7249984741211,0.04723866068646587
2013-09-11,116.52999877929688,0.015733278092681324
2013-09-12,112.58999633789062,-0.03381105708984389
2013-09-13,114.55500030517578,0.017452740307300818
2013-09-16,114.11000061035156,-0.003884594244151107
2013-09-17,117.95999908447266,0.033739360735502766
2013-09-18,122.18499755859375,0.03581721352079281
2013-09-19,124.55999755859375,0.0194377382449189
2013-09-20,129.28500366210938,0.03793357575567513
2013-09-23,125.04499816894531,-0.03279580286237571
2013-09-24,118.13500213623047,-0.055260075444032664
2013-09-25,119.09500122070312,0.008126288289779016
2013-09-26,117.08999633789062,-0.016835340377526764
2013-09-27,117.75,0.005636721178167825
2013-09-30,116.55000305175781,-0.010191056885283989
2013-10-01,115.55000305175781,-0.008580008355348667
2013-10-03,120.4800033569336,0.042665514279281336
2013-10-04,124.80500030517578,0.03589804803896768
2013-10-07,126.1050033569336,0.010416273775722296
2013-10-08,129.11000061035156,0.02382932614428057
2013-10-09,128.17999267578125,-0.007203221517882552
2013-10-10,126.37000274658203,-0.014120689909675743
2013-10-11,126.08999633789062,-0.0022157664208721783
2013-10-14,129.5500030517578,0.02744077099181763
2013-10-15,127.69499969482422,-0.014318821406684834
2013-10-17,127.75499725341797,0.00046985049326231376
2013-10-18,127.84500122070312,0.000704504475129264
2013-10-21,128.94000244140625,0.008565068717961033
2013-10-22,129.60000610351562,0.005118688146522166
2013-10-23,128.52999877929688,-0.008256228964712453
2013-10-24,127.48999786376953,-0.008091503348670925
2013-10-25,128.5800018310547,0.00854972143344046
2013-10-28,127.44000244140625,-0.00886607072183987
2013-10-29,128.9499969482422,0.011848669788987243
2013-10-30,131.625,0.02074449875971296
2013-10-31,135.30499267578125,0.027958158980294412
2013-11-01,136.73500061035156,0.01056877433929504
2013-11-05,134.11000061035156,-0.01919771812836979
2013-11-06,137.32000732421875,0.023935625227485158
2013-11-07,140.9250030517578,0.02625251627774472
2013-11-08,139.52000427246094,-0.009969833236624814
2013-11-11,141.1649932861328,0.011790345207125075
2013-11-12,141.125,-0.00028330880908800093
2013-11-13,140.10499572753906,-0.007227665349590295
2013-11-14,142.4949951171875,0.01705863075929326
2013-11-18,142.63499450683594,0.00098248636405307
2013-11-19,143.77999877929688,0.008027512998614483
2013-11-20,142.78500366210938,-0.006920260993428018
2013-11-21,139.49000549316406,-0.023076640294401596
2013-11-22,137.83999633789062,-0.0118288701003334
2013-11-25,139.8699951171875,0.014727211500504378
2013-11-26,137.5850067138672,-0.016336515929709416
2013-11-27,138.9499969482422,0.00992106819614258
2013-11-28,138.9550018310547,3.601930854557622e-05
2013-11-29,141.05499267578125,0.015112740218446996
2013-12-02,140.6199951171875,-0.003083886293862692
2013-12-03,146.99000549316406,0.045299463782999316
2013-12-04,146.03500366210938,-0.006497052829208205
2013-12-05,145.22500610351562,-0.0055465986803265865
2013-12-06,148.8800048828125,0.025167833538885187
2013-12-09,149.68499755859375,0.005406989853438571
2013-12-10,150.05999755859375,0.0025052610890627935
2013-12-11,149.27499389648438,-0.0052312653264096065
2013-12-12,149.64999389648438,0.0025121421224780782
2013-12-13,148.15499877929688,-0.009989944391321615
2013-12-16,148.3300018310547,0.0011812159778592513
2013-12-17,147.98500061035156,-0.0023259031648639183
2013-12-18,149.53500366210938,0.010474055109402691
2013-12-19,148.19000244140625,-0.008994557714007256
2013-12-20,149.47500610351562,0.008671324927047364
2013-12-23,155.52499389648438,0.04047491249994639
2013-12-24,153.17999267578125,-0.01507797018313295
2013-12-26,151.85499572753906,-0.008649934793029113
2013-12-27,152.49000549316406,0.004181685051470652
2013-12-30,155.59500122070312,0.020361962198750527
2013-12-31,158.125,0.01626015462867092
2014-01-01,157.02999877929688,-0.006924908905632465
2014-01-02,156.9199981689453,-0.0007005069808742048
2014-01-03,155.5500030517578,-0.00873053232968124
2014-01-06,155.14500427246094,-0.0026036565178473303
2014-01-07,155.40499877929688,0.0016758161698802176
2014-01-08,155.5449981689453,0.0009008679949045195
2014-01-09,155.03500366210938,-0.003278758641161894
2014-01-10,156.05499267578125,0.006579088525678234
2014-01-13,156.58999633789062,0.0034283021192464957
2014-01-14,155.30499267578125,-0.00820616701041732
2014-01-15,155.49000549316406,0.0011912869908119461
2014-01-16,158.40499877929688,0.018747142473160228
2014-01-17,157.375,-0.006502312346417516
2014-01-20,156.9499969482422,-0.0027005753884531414
2014-01-21,159.68499755859375,0.017425936053082403
2014-01-22,157.35000610351562,-0.014622484834377336
2014-01-23,157.43499755859375,0.000540142686884959
2014-01-24,155.05499267578125,-0.015117381266682606
2014-01-27,149.1750030517578,-0.03792196254085445
2014-01-28,153.5749969482422,0.029495517388779646
2014-01-29,151.22000122070312,-0.015334499588710693
2014-01-30,149.83999633789062,-0.00912580922941808
2014-01-31,153.11500549316406,0.021856708724740326
2014-02-03,149.24000549316406,-0.025307774293702456
2014-02-04,148.1300048828125,-0.00743768808292089
2014-02-05,148.42999267578125,0.002025165618579905
2014-02-06,148.31500244140625,-0.0007747102341113532
2014-02-07,149.38999938964844,0.007248066146692711
2014-02-10,148.5749969482422,-0.005455535475842099
2014-02-11,146.55999755859375,-0.013562170156734998
2014-02-12,148.19000244140625,0.011121758392230063
2014-02-13,148.22000122070312,0.0002024345691520324
2014-02-14,147.5399932861328,-0.004587828423761597
2014-02-17,150.38499450683594,0.019282915481673157
2014-02-18,155.7449951171875,0.03564185793887775
2014-02-19,154.02000427246094,-0.011075738539325974
2014-02-20,151.22999572753906,-0.018114585557252427
2014-02-21,152.96499633789062,0.01147259577707982
2014-02-24,152.6300048828125,-0.0021899876644859706
2014-02-25,155.3350067138672,0.01772260856003749
2014-02-26,154.7899932861328,-0.0035086323377080397
2014-02-28,157.14999389648438,0.015246467554198118
2014-03-03,158.89500427246094,0.011104107182632328
2014-03-04,158.50999450683594,-0.0024230451258544505
2014-03-05,155.75999450683594,-0.01734906375182166
2014-03-06,161.63999938964844,0.03775041788765887
2014-03-07,163.6699981689453,0.01255876507647935
2014-03-10,167.2100067138672,0.021628939845577344
2014-03-11,169.47000122070312,0.013515904647401156
2014-03-12,169.0749969482422,-0.0023308212050257016
2014-03-13,164.7050018310547,-0.02584648940449341
2014-03-14,165.5800018310547,0.005312528400913674
2014-03-18,167.02000427246094,0.008696717148702016
2014-03-19,166.9199981689453,-0.000598767219239682
2014-03-20,165.19500732421875,-0.010334237141439662
2014-03-21,167.3300018310547,0.012924086153800696
2014-03-24,165.69500732421875,-0.009771078043055992
2014-03-25,166.0399932861328,0.002082054055129179
2014-03-26,165.9949951171875,-0.0002710080147243499
2014-03-27,169.7899932861328,0.022862124043355303
2014-03-28,179.77000427246094,0.05877855810683519
2014-03-31,179.10000610351562,-0.0037269742060519473
2014-04-01,177.7449951171875,-0.007565666890848477
2014-04-02,175.14999389648438,-0.014599574063912435
2014-04-03,174.5749969482422,-0.0032828830618287785
2014-04-04,175.83999633789062,0.007246165898679546
2014-04-07,176.7899932861328,0.005402621519717821
2014-04-09,175.625,-0.00658970151238869
2014-04-10,178.61000061035156,0.016996444756450124
2014-04-11,176.24000549316406,-0.01326910648389612
2014-04-15,175.77499389648438,-0.0026385132897520647
2014-04-16,177.27000427246094,0.008505250620898908
2014-04-17,176.72000122070312,-0.003102628975584998
2014-04-21,176.89500427246094,0.0009902843512277215
2014-04-22,176.51499938964844,-0.002148194542719861
2014-04-23,182.6750030517578,0.03489790489991984
2014-04-24,182.6750030517578,0.0
2014-04-25,181.3000030517578,-0.007527028750673792
2014-04-28,185.67999267578125,0.024158795092645624
2014-04-29,187.2550048828125,0.008482401277241536
2014-04-30,186.99000549316406,-0.001415179208770878
2014-05-02,187.77999877929688,0.004224788827880355
2014-05-05,187.81500244140625,0.00018640783010392958
2014-05-06,187.91000366210938,0.0005058233872066165
2014-05-07,188.38499450683594,0.0025277570936599325
2014-05-08,188.89999389648438,0.0027337601436707715
2014-05-09,190.1699981689453,0.006723156768109195
2014-05-12,190.00999450683594,-0.0008413717392331543
2014-05-13,187.98500061035156,-0.01065730201056092
2014-05-14,180.58999633789062,-0.03933826767269066
2014-05-15,173.56500244140625,-0.0389002383240562
2014-05-16,177.13499450683594,0.020568617032312497
2014-05-19,179.99000549316406,0.016117712901828396
2014-05-20,178.02499389648438,-0.010917337278231964
2014-05-21,184.09500122070312,0.03409637709493896
2014-05-22,204.35499572753906,0.11005184482194141
2014-05-23,202.78500366210938,-0.007682670344516196
2014-05-26,200.5850067138672,-0.010848913423144091
2014-05-27,197.8300018310547,-0.013734849518152181
2014-05-28,194.5749969482422,-0.016453545229162203
2014-05-29,198.94500732421875,0.02245925964032791
2014-05-30,202.0850067138672,0.015783253029975297
2014-06-02,208.375,0.031125482233517854
2014-06-03,211.375,0.014397120575884825
2014-06-04,211.35499572753906,-9.46387816010974e-05
2014-06-05,218.35499572753906,0.03311963351471392
2014-06-06,214.6750030517578,-0.016853256155279883
2014-06-09,214.91000366210938,0.0010946808292109367
2014-06-10,211.2050018310547,-0.017239783015777332
2014-06-11,204.09500122070312,-0.033663978356151536
2014-06-12,206.0500030517578,0.00957888149813435
2014-06-13,202.52999877929688,-0.01708325270724087
2014-06-16,199.39500427246094,-0.015479161238983852
2014-06-17,196.76499938964844,-0.01318992365134064
2014-06-18,211.39999389648438,0.07437803751801741
2014-06-19,209.9149932861328,-0.00702460100863922
2014-06-20,207.25999450683594,-0.012647971151245385
2014-06-23,206.02499389648438,-0.0059587023211603585
2014-06-24,203.2899932861328,-0.013275091330548716
2014-06-25,201.19500732421875,-0.010305406223145241
2014-06-26,200.50999450683594,-0.0034047207557140746
2014-06-27,199.92999267578125,-0.002892633020519675
2014-06-30,200.65499877929688,0.003626299855326476
2014-07-01,200.96499633789062,0.0015449281626656042
2014-07-02,209.99000549316406,0.044908363743600965
2014-07-03,217.55999755859375,0.03604929695416437
2014-07-04,227.10000610351562,0.04385001218963769
2014-07-07,222.18499755859375,-0.021642485305269132
2014-07-08,214.375,-0.03515087717177723
2014-07-09,218.01499938964844,0.016979588989613603
2014-07-10,219.80999755859375,0.008233370061557999
2014-07-11,212.6750030517578,-0.03245982706011352
2014-07-14,214.21499633789062,0.007241063895779165
2014-07-15,219.65499877929688,0.025395058863318276
2014-07-16,218.90499877929688,-0.0034144453992307477
2014-07-17,219.9499969482422,0.0047737519689941
2014-07-18,218.3800048828125,-0.007137949930497767
2014-07-21,217.52499389648438,-0.003915243919822009
2014-07-22,223.125,0.025744196118357543
2014-07-23,224.2050018310547,0.004840344340861336
2014-07-24,228.5800018310547,0.019513391602639985
2014-07-25,229.30499267578125,0.0031717159809212525
2014-07-28,222.6300048828125,-0.029109648748061212
2014-07-30,221.35499572753906,-0.005727031969228857
2014-07-31,219.24000549316406,-0.009554743625385775
2014-08-01,219.8300018310547,0.002691097988998248
2014-08-04,219.4199981689453,-0.0018650942032220064
2014-08-05,220.6699981689453,0.005696837163573054
2014-08-06,218.7050018310547,-0.008904682803260955
2014-08-07,219.0449981689453,0.0015545887613181986
2014-08-08,220.39500427246094,0.006163145083433408
2014-08-11,224.93499755859375,0.020599347526590428
2014-08-12,227.67999267578125,0.01220350388770619
2014-08-13,225.36000061035156,-0.010189705464078158
2014-08-14,225.97000122070312,0.002706782963700194
2014-08-18,227.6300048828125,0.007346124056918812
2014-08-19,227.25999450683594,-0.0016254903485463101
2014-08-20,228.4949951171875,0.005434307138093342
2014-08-21,233.22999572753906,0.020722557218039395
2014-08-22,237.4600067138672,0.01813665079027671
2014-08-25,239.8300018310547,0.00998060747148588
2014-08-26,241.4949951171875,0.006942389498481916
2014-08-27,247.55499267578125,0.02509367763772108
2014-08-28,247.13999938964844,-0.0016763680734014352
2014-09-01,243.71499633789062,-0.013858554099766995
2014-09-02,242.9250030517578,-0.0032414635865802843
2014-09-03,248.60499572753906,0.0233816717275952
2014-09-04,244.42999267578125,-0.016793721459778865
2014-09-05,243.6999969482422,-0.0029865227239413983
2014-09-08,257.6000061035156,0.0570373792750829
2014-09-09,261.2550048828125,0.014188659521336078
2014-09-10,256.8349914550781,-0.016918387572008475
2014-09-11,259.9100036621094,0.011972715203680151
2014-09-12,262.2099914550781,0.008849169945604807
2014-09-15,257.56500244140625,-0.017714767419408806
2014-09-16,257.1549987792969,-0.001591845391349933
2014-09-17,248.05999755859375,-0.035367779214390827
2014-09-18,255.0800018310547,0.02829962243631301
2014-09-19,268.760009765625,0.05363026437341367
2014-09-22,268.2349853515625,-0.0019535064555190607
2014-09-23,264.5350036621094,-0.013793807264193103
2014-09-24,261.2149963378906,-0.012550351667106385
2014-09-25,252.5399932861328,-0.03321020298749
2014-09-26,255.69500732421875,0.012493126324396586
2014-09-29,265.364990234375,0.03781842677082392
2014-09-30,272.1300048828125,0.02549324476624637
2014-10-01,277.0050048828125,0.017914231847014905
2014-10-07,268.3800048828125,-0.031136621533783604
2014-10-08,270.1400146484375,0.0065579019807884276
2014-10-09,277.07000732421875,0.025653336418153483
2014-10-10,273.1700134277344,-0.014075842903922609
2014-10-13,268.7300109863281,-0.01625362310340417
2014-10-14,272.7699890136719,0.015033594545379225
2014-10-15,272.7699890136719,0.0
2014-10-16,264.0199890136719,-0.032078309023803264
2014-10-17,256.57000732421875,-0.028217491097112912
2014-10-20,258.7900085449219,0.008652613935103526
2014-10-21,264.375,0.021581171106567876
2014-10-22,269.82501220703125,0.020614703383569744
2014-10-27,284.19000244140625,0.05323817134993036
2014-10-28,281.6650085449219,-0.008884879393338152
2014-10-29,274.5350036621094,-0.02531377582059635
2014-10-30,279.5050048828125,0.018103342577109327
2014-10-31,280.8500061035156,0.004812082779222626
2014-11-03,278.9700012207031,-0.006693981990228526
2014-11-05,285.42498779296875,0.02313864051338932
2014-11-07,288.31500244140625,0.01012530357199748
2014-11-10,289.1499938964844,0.0028961082427467755
2014-11-11,289.7250061035156,0.001988629497384986
2014-11-12,298.7250061035156,0.031063939288638487
2014-11-13,298.56500244140625,-0.0005356219226385628
2014-11-14,297.67999267578125,-0.0029642113388647084
2014-11-17,327.80499267578125,0.10119927687854613
2014-11-18,316.7749938964844,-0.033648049986249595
2014-11-19,302.489990234375,-0.04509511147454215
2014-11-20,311.6449890136719,0.030265460262679733
2014-11-21,309.55999755859375,-0.006690277490669527
2014-11-24,304.9599914550781,-0.014859820841822247
2014-11-25,300.55999755859375,-0.01442810211100265
2014-11-26,300.114990234375,-0.0014805939840081273
2014-11-27,304.54998779296875,0.014777660906342138
2014-11-28,309.18499755859375,0.015219208508968407
2014-12-01,308.7149963378906,-0.0015201294513459418
2014-12-02,309.510009765625,0.0025752342359948166
2014-12-03,310.5450134277344,0.0033440070739332306
2014-12-04,313.1000061035156,0.008227447118148046
2014-12-05,319.9800109863281,0.02197382545095783
2014-12-08,325.4700012207031,0.0171572912240745
2014-12-09,325.1449890136719,-0.0009985934366063542
2014-12-10,319.55999755859375,-0.0171769261215442
2014-12-11,330.25,0.03345225473487545
2014-12-12,330.3800048828125,0.0003936559661241734
2014-12-15,334.3349914550781,0.011971022803478837
2014-12-16,315.81500244140625,-0.05539351096057876
2014-12-17,320.07501220703125,0.013488940464173593
2014-12-18,332.4549865722656,0.03867835317686952
2014-12-19,332.6700134277344,0.0006467848705948853
2014-12-22,332.9200134277344,0.0007514954456642187
2014-12-23,348.3599853515625,0.04637742190641725
2014-12-24,342.4800109863281,-0.01687901771869793
2014-12-26,345.94000244140625,0.010102754450145746
2014-12-29,346.7049865722656,0.002211320244726478
2014-12-30,345.9150085449219,-0.0022785309065034287
2014-12-31,348.3949890136719,0.007169334684788531
2015-01-01,349.9700012207031,0.004520765960182693
2015-01-02,344.375,-0.015987088039510877
2015-01-05,343.4750061035156,-0.0026134124035843698
2015-01-06,342.5849914550781,-0.0025912064418721625
2015-01-07,349.55999755859375,0.020359929002990773
2015-01-08,348.9649963378906,-0.001702143336934303
2015-01-09,345.0050048828125,-0.011347818539495624
2015-01-12,343.82000732421875,-0.003434725704910435
2015-01-13,348.29998779296875,0.0130300167916797
2015-01-14,377.3949890136719,0.08353431593571381
2015-01-15,386.0199890136719,0.022854039537042015
2015-01-16,393.7799987792969,0.020102611228638212
2015-01-19,390.17498779296875,-0.009154885970601656
2015-01-20,390.4750061035156,0.0007689327095103948
2015-01-21,381.739990234375,-0.022370230443955585
2015-01-22,384.06500244140625,0.006090564956539701
2015-01-23,387.0150146484375,0.007681023233772288
2015-01-27,416.9549865722656,0.07736126711007696
2015-01-28,432.260009765625,0.03670665584114974
2015-01-29,412.8399963378906,-0.044926694556510216
2015-01-30,405.05499267578125,-0.018857193419161145
2015-02-02,416.010009765625,0.02704575252233088
2015-02-03,417.2300109863281,0.0029326246774457054
2015-02-04,410.7200012207031,-0.015602927867617633
2015-02-05,413.04998779296875,0.005672931840038586
2015-02-06,404.25,-0.0213048978405479
2015-02-09,400.70001220703125,-0.008781664299242431
2015-02-10,400.3800048828125,-0.000798620699949959
2015-02-11,411.2349853515625,0.027111694730927338
2015-02-12,412.625,0.003380098235681972
2015-02-13,418.44000244140625,0.014092705098833758
2015-02-16,430.625,0.029120058998900245
2015-02-18,431.8999938964844,0.002960798598512282
2015-02-19,430.94500732421875,-0.0022111289320705385
2015-02-20,419.1199951171875,-0.027439724340824756
2015-02-23,416.2550048828125,-0.006835727876867148
2015-02-24,412.0350036621094,-0.010138019173826285
2015-02-25,408.1499938964844,-0.009428834276446363
2015-02-26,409.68499755859375,0.0037608812570475436
2015-02-27,410.7099914550781,0.0025019073253660373
2015-03-02,437.135009765625,0.06433984772790002
2015-03-03,432.989990234375,-0.009482241043727857
2015-03-04,431.2950134277344,-0.003914586583683266
2015-03-05,434.18499755859375,0.006700713063874986
2015-03-09,421.489990234375,-0.029238705610747262
2015-03-10,418.25,-0.007686992121861191
2015-03-11,413.2699890136719,-0.01190678060090411
2015-03-12,413.95001220703125,0.0016454695754277715
2015-03-13,410.760009765625,-0.007706250386123492
2015-03-16,400.510009765625,-0.02495374368563419
2015-03-17,403.3900146484375,0.0071908437057486285
2015-03-18,404.80499267578125,0.0035077170380057865
2015-03-19,403.54998779296875,-0.0031002702672139337
2015-03-20,402.04998779296875,-0.0037170116351720184
2015-03-23,399.29998779296875,-0.006839945488111954
2015-03-24,396.80499267578125,-0.006248422723421521
2015-03-25,394.82000732421875,-0.00500242030267084
2015-03-26,395.6549987792969,0.002114866115162206
2015-03-27,396.1650085449219,0.0012890264680049945
2015-03-30,399.9649963378906,0.009591931924845642
2015-03-31,410.8450012207031,0.027202392665434783
2015-04-01,414.0050048828125,0.007691474041841451
2015-04-06,424.0849914550781,0.02434749931373137
2015-04-07,434.1199951171875,0.023662718238809388
2015-04-08,448.9200134277344,0.034091998703150495
2015-04-09,450.4649963378906,0.0034415549851731786
2015-04-10,452.2099914550781,0.0038737640690700292
2015-04-13,445.375,-0.01511464050824074
2015-04-15,445.6000061035156,0.0005052059579357948
2015-04-16,458.4949951171875,0.028938484822812693
2015-04-17,452.94500732421875,-0.012104794713299394
2015-04-20,455.82501220703125,0.006358398561066458
2015-04-21,437.3399963378906,-0.04055287747295644
2015-04-22,427.989990234375,-0.021379261402590277
2015-04-23,427.4649963378906,-0.0012266499415019005
2015-04-24,413.989990234375,-0.03152306321910925
2015-04-27,399.5199890136719,-0.03495253885851468
2015-04-28,400.7799987792969,0.003153809071570368
2015-04-29,398.95001220703125,-0.004566062622484712
2015-04-30,404.42999267578125,0.013736007773089698
2015-05-04,419.2650146484375,0.03668131009400444
2015-05-05,429.0150146484375,0.023254981120176543
2015-05-06,428.5400085449219,-0.001107201583387174
2015-05-07,418.05499267578125,-0.02446683077442824
2015-05-08,434.44500732421875,0.03920540344114154
2015-05-11,434.7099914550781,0.0006099371068652992
2015-05-12,434.1499938964844,-0.001288209541076557
2015-05-13,432.7099914550781,-0.0033168316518498164
2015-05-14,438.4700012207031,0.013311478540755983
2015-05-15,448.3900146484375,0.022624155358672127
2015-05-18,446.05499267578125,-0.005207569072400164
2015-05-19,448.1549987792969,0.004707953364490258
2015-05-20,449.875,0.0038379605837002284
2015-05-21,457.70001220703125,0.01739374761218393
2015-05-22,450.70001220703125,-0.015293860199491749
2015-05-25,450.3349914550781,-0.000809897364248191
2015-05-26,448.3299865722656,-0.004452252036498683
2015-05-27,441.1600036621094,-0.015992646320570292
2015-05-28,442.4200134277344,0.002856128740514885
2015-05-29,421.6549987792969,-0.04693507078840431
2015-06-01,437.989990234375,0.03874018214504371
2015-06-02,428.4700012207031,-0.02173563146632096
2015-06-03,432.4849853515625,0.009370513966953986
2015-06-04,435.2250061035156,0.006335528040877003
2015-06-05,445.06500244140625,0.022608986615879845
2015-06-08,447.2699890136719,0.004954302315774539
2015-06-09,458.2349853515625,0.024515385801025635
2015-06-10,455.32000732421875,-0.006361317054627169
2015-06-11,466.5299987792969,0.024620028276279626
2015-06-12,467.6449890136719,0.002389964712435244
2015-06-15,471.5299987792969,0.008307604821809367
2015-06-16,470.0150146484375,-0.003212911447376343
2015-06-17,477.6199951171875,0.016180292611371883
2015-06-18,490.2900085449219,0.026527393235757923
2015-06-19,515.8049926757812,0.05204059574165609
2015-06-22,538.6300048828125,0.04425124326273888
2015-06-23,531.9099731445312,-0.01247615557500048
2015-06-24,525.3699951171875,-0.012295272428679782
2015-06-25,538.489990234375,0.024972867196690673
2015-06-26,543.5750122070312,0.009443113270207748
2015-06-29,545.5349731445312,0.0036056862318636362
2015-06-30,544.3400268554688,-0.002190411885373167
2015-07-01,549.8200073242188,0.010067201011115579
2015-07-02,545.0599975585938,-0.008657396424677777
2015-07-03,556.1099853515625,0.020272975163217577
2015-07-06,556.4249877929688,0.0005664391032416116
2015-07-07,555.7999877929688,-0.0011232421507147983
2015-07-08,522.5900268554688,-0.05975164027867963
2015-07-09,502.135009765625,-0.03914161395870064
2015-07-10,502.4700012207031,0.0006671342339472641
2015-07-13,509.5350036621094,0.014060545752467846
2015-07-14,508.2250061035156,-0.0025709667622020316
2015-07-15,515.7750244140625,0.014855660819273142
2015-07-16,524.8900146484375,0.017672414915262502
2015-07-17,517.885009765625,-0.013345662305091377
2015-07-20,517.1500244140625,-0.0014192056879481774
2015-07-21,510.67498779296875,-0.012520615518543332
2015-07-22,513.1300048828125,0.004807396384251872
2015-07-23,514.02001953125,0.001734481788179032
2015-07-24,517.010009765625,0.0058168750647138445
2015-07-27,522.8200073242188,0.011237688727201878
2015-07-28,533.9349975585938,0.021259687997139398
2015-07-29,543.9550170898438,0.018766365900467985
2015-07-30,544.0599975585938,0.00019299476142653482
2015-07-31,551.1300048828125,0.012994903789921297
2015-08-03,568.2349853515625,0.03103619893166054
2015-08-04,562.6900024414062,-0.009758256800618481
2015-08-05,556.2050170898438,-0.011524969918472627
2015-08-06,546.0449829101562,-0.01826670718082779
2015-08-07,548.2650146484375,0.004065657240269083
2015-08-10,543.8699951171875,-0.008016231956854303
2015-08-11,545.22998046875,0.0025005706580107923
2015-08-12,531.1900024414062,-0.025750561286584372
2015-08-13,535.5999755859375,0.00830206352578644
2015-08-14,541.1749877929688,0.010408910495061763
2015-08-17,539.9949951171875,-0.0021804272229829502
2015-08-18,539.7550048828125,-0.0004444304790693909
2015-08-19,539.0999755859375,-0.0012135678056699462
2015-08-20,530.780029296875,-0.015433030357717481
2015-08-21,534.4349975585938,0.00688603199061677
2015-08-24,487.0799865722656,-0.08860761589838861
2015-08-25,491.55499267578125,0.009187415264190202
2015-08-26,496.7250061035156,0.010517670463667583
2015-08-27,509.9949951171875,0.026714960693777545
2015-08-28,505.25,-0.009304003299281716
2015-08-31,502.1199951171875,-0.006194962657718905
2015-09-01,493.5050048828125,-0.017157233964292473
2015-09-02,502.19500732421875,0.01760874227297804
2015-09-03,520.219970703125,0.035892358777014355
2015-09-04,507.55999755859375,-0.024335807653481867
2015-09-07,503.9049987792969,-0.007201116709113609
2015-09-08,501.1600036621094,-0.005447445696782571
2015-09-09,504.9949951171875,0.007652229681249123
2015-09-10,505.4700012207031,0.0009406154676947498
2015-09-11,503.68499755859375,-0.0035313740831277585
2015-09-14,514.885009765625,0.022236144140323155
2015-09-15,523.5,0.016731872303481055
2015-09-16,520.010009765625,-0.006666648012177645
2015-09-18,496.55999755859375,-0.045095309256836136
2015-09-21,493.5899963378906,-0.0059811528018880455
2015-09-22,482.1400146484375,-0.023197353622245953
2015-09-23,484.489990234375,0.004874052172688881
2015-09-24,486.80999755859375,0.004788555741051415
2015-09-28,482.2749938964844,-0.009315757040432415
2015-09-29,511.0950012207031,0.05975845251973544
2015-09-30,513.125,0.00397186193261212
2015-10-01,510.7550048828125,-0.0046187480968331585
2015-10-05,520.7550048828125,0.019578858561149826
2015-10-06,516.5399780273438,-0.008094068834570867
2015-10-07,512.010009765625,-0.008769830902573328
2015-10-08,504.1449890136719,-0.015361068342303219
2015-10-09,499.635009765625,-0.008945798027012786
2015-10-12,496.3399963378906,-0.0065948409605645075
2015-10-13,497.6650085449219,0.0026695656542037316
2015-10-14,493.989990234375,-0.007384522213631062
2015-10-15,498.43499755859375,0.008998172861984122
2015-10-16,499.79998779296875,0.002738552150352458
2015-10-19,501.5450134277344,0.00349144793394518
2015-10-20,531.0850219726562,0.05889802062438054
2015-10-21,535.8049926757812,0.008887410692911546
2015-10-23,527.3049926757812,-0.015863980582844994
2015-10-26,530.7899780273438,0.006609050549432727
2015-10-27,532.0800170898438,0.002430413376104834
2015-10-28,520.8250122070312,-0.021152842657708892
2015-10-29,516.2100219726562,-0.008860922817087169
2015-10-30,522.2349853515625,0.011671535077684814
2015-11-02,522.3200073242188,0.00016280405380930674
2015-11-03,525.3400268554688,0.0057819334678010925
2015-11-04,534.4949951171875,0.0174267479988488
2015-11-05,532.5650024414062,-0.0036108713709435136
2015-11-06,529.7349853515625,-0.005313937410213354
2015-11-09,534.614990234375,0.00921216271863523
2015-11-10,534.219970703125,-0.0007388859992063512
2015-11-13,531.0650024414062,-0.005905747509899806
2015-11-16,527.2100219726562,-0.0072589616168038384
2015-11-17,523.0399780273438,-0.007909644679570893
2015-11-18,527.5800170898438,0.00868009952054316
2015-11-19,541.7000122070312,0.026763703437961972
2015-11-20,544.8250122070312,0.0057688756314919765
2015-11-23,549.6799926757812,0.008911082200655507
2015-11-24,554.47998046875,0.008732331278064054
2015-11-26,555.0499877929688,0.0010280034343834732
2015-11-27,557.9349975585938,0.0051977476426881
2015-11-30,554.0999755859375,-0.0068735999523914515
2015-12-01,560.3800048828125,0.011333747651286474
2015-12-02,557.2650146484375,-0.00555871053076995
2015-12-03,554.614990234375,-0.004755411418989497
2015-12-04,544.7100219726562,-0.017859178774690232
2015-12-07,547.6699829101562,0.005434012259918797
2015-12-08,553.719970703125,0.011046776310107198
2015-12-09,550.4450073242188,-0.005914475822043519
2015-12-10,553.7750244140625,0.006049681703956811
2015-12-11,552.4600219726562,-0.002374614931031971
2015-12-14,543.7949829101562,-0.01568446352291686
2015-12-15,560.5900268554688,0.030884882121259505
2015-12-16,560.8250122070312,0.0004191750482622769
2015-12-17,573.6799926757812,0.02292155340604629
2015-12-18,581.3800048828125,0.01342213830940242
2015-12-21,586.97998046875,0.00963221221731958
2015-12-22,589.5449829101562,0.004369829511660539
2015-12-23,591.1500244140625,0.002722508969516424
2015-12-24,590.0900268554688,-0.0017931109106260612
2015-12-28,590.635009765625,0.0009235589238143493
2015-12-29,598.6400146484375,0.013553217724071365
2015-12-30,597.4199829101562,-0.0020380056602091745
2015-12-31,600.9949951171875,0.005984085416119944
2016-01-01,609.5850219726562,0.014293008968891296
2016-01-04,605.2449951171875,-0.007119641557832512
2016-01-05,599.7849731445312,-0.00902117657594026
2016-01-06,610.7249755859375,0.01823987417365669
2016-01-07,610.6300048828125,-0.0001555048621253441
2016-01-08,631.4500122070312,0.03409594542969496
2016-01-11,630.6199951171875,-0.001314462069519462
2016-01-12,620.8800048828125,-0.015445102137246702
2016-01-13,607.7849731445312,-0.02109108303584828
2016-01-14,607.5900268554688,-0.000320748780697766
2016-01-15,597.530029296875,-0.01655721311071945
2016-01-18,550.3200073242188,-0.07900861824167926
2016-01-19,564.489990234375,0.025748623930745174
2016-01-20,563.9400024414062,-0.0009743092038538848
2016-01-21,574.2050170898438,0.01820231692023655
2016-01-22,582.0650024414062,0.013688465125919702
2016-01-25,585.6300048828125,0.006124749686810427
2016-01-27,593.6950073242188,0.013771498000721527
2016-01-28,577.60498046875,-0.027101502719361625
2016-01-29,592.8400268554688,0.02637623791670718
2016-02-01,600.3150024414062,0.012608756573988744
2016-02-02,581.1400146484375,-0.03194154354794809
2016-02-03,637.9749755859375,0.09779908370598522
2016-02-04,634.3900146484375,-0.005619281436873735
2016-02-05,669.8350219726562,0.0558725807559588
2016-02-08,666.0150146484375,-0.005702907729382201
2016-02-09,658.405029296875,-0.011426146834812023
2016-02-10,647.8599853515625,-0.0160160440399032
2016-02-11,617.9199829101562,-0.046213692955831
2016-02-12,599.6749877929688,-0.029526468833813824
2016-02-15,620.9949951171875,0.03555260392414317
2016-02-16,601.1400146484375,-0.0319728510291829
2016-02-17,611.094970703125,0.016560128775505722
2016-02-18,616.39501953125,0.008673036241857446
2016-02-19,604.8099975585938,-0.018794801394512062
2016-02-22,600.2449951171875,-0.007547829003874851
2016-02-23,589.4849853515625,-0.017926029959690504
2016-02-24,581.4199829101562,-0.0136814382754743
2016-02-25,575.2899780273438,-0.010543161678293611
2016-02-26,580.844970703125,0.009655987220269724
2016-02-29,593.2050170898438,0.02127942396016036
2016-03-01,620.885009765625,0.04666176427767632
2016-03-02,637.0900268554688,0.02609986846994561
2016-03-03,620.77001953125,-0.025616485325897442
2016-03-04,633.4550170898438,0.020434294762128324
2016-03-08,629.3049926757812,-0.006551411390074868
2016-03-09,642.3800048828125,0.020776908429467333
2016-03-10,640.489990234375,-0.0029422065351836224
2016-03-11,640.0399780273438,-0.0007026061513726312
2016-03-14,651.6749877929688,0.01817856722244926
2016-03-15,647.4149780273438,-0.006537015913488431
2016-03-16,648.2349853515625,0.0012665868910188838
2016-03-17,658.155029296875,0.015303160380849334
2016-03-18,663.239990234375,0.007726083842179765
2016-03-21,665.4000244140625,0.00325679122413014
2016-03-22,660.7550048828125,-0.00698079254707018
2016-03-23,687.4199829101562,0.0403553175235849
2016-03-28,670.02001953125,-0.025311983665712523
2016-03-29,665.6749877929688,-0.0064849282284447085
2016-03-30,678.7750244140625,0.01967932829281538
2016-03-31,692.4149780273438,0.020094955062696318
2016-04-01,687.75,-0.006737257533963259
2016-04-04,686.969970703125,-0.0011341756406760828
2016-04-05,682.35498046875,-0.006717892238654155
2016-04-06,694.7550048828125,0.01817239526198544
2016-04-07,698.260009765625,0.0050449508937380205
2016-04-08,713.3499755859375,0.021610812031720883
2016-04-11,719.3200073242188,0.008369008120281407
2016-04-12,733.5499877929688,0.01978254507570809
2016-04-13,743.0399780273438,0.012937073672276256
2016-04-18,731.3900146484375,-0.015678784080817687
2016-04-20,721.3400268554688,-0.01374094203049725
2016-04-21,698.6500244140625,-0.03145534920655735
2016-04-22,697.114990234375,-0.0021971432420329062
2016-04-25,685.385009765625,-0.016826464260661367
2016-04-26,700.4349975585938,0.021958443179425968
2016-04-27,694.5650024414062,-0.008380499457690815
2016-04-28,696.7100219726562,0.003088291986653946
2016-04-29,682.9099731445312,-0.01980744986135219
2016-05-02,705.375,0.03289602984127793
2016-05-03,698.5499877929688,-0.00967572171827924
2016-05-04,695.4199829101562,-0.004480717110455612
2016-05-05,715.5499877929688,0.028946543639102096
2016-05-06,726.4450073242188,0.015226077446880204
2016-05-09,737.864990234375,0.01572036808707722
2016-05-10,741.22998046875,0.004560441651129343
2016-05-11,748.2849731445312,0.009517953754811348
2016-05-12,767.0150146484375,0.025030626266884237
2016-05-13,762.614990234375,-0.0057365557779586185
2016-05-16,777.1099853515625,0.019006963281344325
2016-05-17,775.8400268554688,-0.001634206894818413
2016-05-18,774.2550048828125,-0.002042975249782364
2016-05-19,773.8200073242188,-0.0005618272479357422
2016-05-20,777.0499877929688,0.004174072055747047
2016-05-23,765.3699951171875,-0.015031198583447036
2016-05-24,762.5549926757812,-0.0036779628929342056
2016-05-25,733.7249755859375,-0.03780713176984141
2016-05-26,745.8350219726562,0.01650488505866643
2016-05-27,766.7899780273438,0.028095966852379473
2016-05-30,764.344970703125,-0.0031886271264379706
2016-05-31,758.8800048828125,-0.007149868226757894
2016-06-01,764.239990234375,0.007063020921720398
2016-06-02,796.4550170898438,0.04215302426871048
2016-06-03,789.9550170898438,-0.008161163983560926
2016-06-06,777.4099731445312,-0.015880706716096094
2016-06-07,768.7249755859375,-0.011171708440353534
2016-06-08,774.7949829101562,0.00789620152459869
2016-06-09,771.89501953125,-0.0037428783650791386
2016-06-10,759.5650024414062,-0.015973696911960156
2016-06-13,750.0599975585938,-0.012513747805996012
2016-06-14,749.1900024414062,-0.0011599007013028961
2016-06-15,765.1199951171875,0.021262954155647718
2016-06-16,759.625,-0.007181873630613844
2016-06-17,753.0150146484375,-0.008701642720503555
2016-06-20,753.9849853515625,0.0012881160192772523
2016-06-21,760.60498046875,0.008780009212120854
2016-06-22,759.905029296875,-0.0009202558356160573
2016-06-23,769.6900024414062,0.012876573739201369
2016-06-24,758.8099975585938,-0.014135567369073065
2016-06-27,769.5599975585938,0.01416691930073033
2016-06-28,769.6649780273438,0.00013641622366433737
2016-06-29,768.5800170898438,-0.001409653509609754
2016-06-30,799.6699829101562,0.04045117636291362
2016-07-01,816.719970703125,0.021321280224775307
2016-07-04,820.4349975585938,0.0045487155802867996
2016-07-05,817.0,-0.004186800378842226
2016-07-07,809.5650024414062,-0.009100364208805112
2016-07-08,820.780029296875,0.013853151781076933
2016-07-11,856.75,0.04382412999733787
2016-07-12,862.7150268554688,0.006962389093047916
2016-07-13,857.530029296875,-0.006010093017033258
2016-07-14,867.0150146484375,0.011060820061706389
2016-07-15,870.0050048828125,0.0034486026007143344
2016-07-18,880.0700073242188,0.011568901770584672
2016-07-19,864.3049926757812,-0.017913364297426404
2016-07-20,864.010009765625,-0.00034129492789691795
2016-07-21,870.7849731445312,0.007841301955221702
2016-07-22,883.780029296875,0.014923381263019175
2016-07-25,898.364990234375,0.01650293110730683
2016-07-26,984.8350219726562,0.09625267310975905
2016-07-27,979.344970703125,-0.005574589801380592
2016-07-28,1031.6800537109375,0.0534388643158481
2016-07-29,1037.2650146484375,0.0054134621653398884
2016-08-01,1122.625,0.08229332344781115
2016-08-02,1094.4100341796875,-0.025133028233214616
2016-08-03,1000.5599975585938,-0.0857539986751299
2016-08-04,996.969970703125,-0.0035880175743868703
2016-08-05,1009.469970703125,0.012537990478473704
2016-08-08,1003.4349975585938,-0.005978358266890971
2016-08-09,1017.97998046875,0.014495191961158227
2016-08-10,999.8300170898438,-0.017829391272064843
2016-08-11,1000.72998046875,0.0009001163833086689
2016-08-12,1015.4400024414062,0.014699291776754775
2016-08-16,1020.3599853515625,0.004845173420711335
2016-08-17,1020.8800048828125,0.0005096432031004294
2016-08-18,1013.4550170898438,-0.007273124909348283
2016-08-19,1018.3099975585938,0.00479052388796819
2016-08-22,1016.614990234375,-0.0016645297878666865
2016-08-23,1004.0650024414062,-0.012344877769385865
2016-08-24,1005.3599853515625,0.0012897401134464026
2016-08-25,1028.9649658203125,0.023479132661616386
2016-08-26,1048.0899658203125,0.018586638646878706
2016-08-29,1074.3599853515625,0.02506466084778247
2016-08-30,1077.739990234375,0.003146063636860541
2016-08-31,1101.1099853515625,0.021684260887549822
2016-09-01,1116.0849609375,0.013599890823945415
2016-09-02,1113.97998046875,-0.001886039631769476
2016-09-06,1126.5849609375,0.01131526660240878
2016-09-07,1139.3299560546875,0.011312946257139522
2016-09-08,1162.800048828125,0.020599908436280012
2016-09-09,1153.550048828125,-0.007954936026466575
2016-09-12,1094.4000244140625,-0.05127651329402838
2016-09-14,1101.050048828125,0.006076411061506359
2016-09-15,1099.0,-0.0018619033987663514
2016-09-16,1087.8499755859375,-0.010145609111976817
2016-09-19,1075.9000244140625,-0.010984925715918248
2016-09-20,1075.050048828125,-0.0007900135390371821
2016-09-21,1070.25,-0.004464953825505491
2016-09-22,1127.949951171875,0.05391259161118889
2016-09-23,1126.5,-0.0012854747414711154
2016-09-26,1122.800048828125,-0.00328446619784728
2016-09-27,1098.5999755859375,-0.021553324002297036
2016-09-28,1106.0999755859375,0.006826870714246924
2016-09-29,1037.1500244140625,-0.062336093204730436
2016-09-30,1055.9000244140625,0.0180783874643331
2016-10-03,1086.699951171875,0.029169358884051366
2016-10-04,1083.75,-0.0027145958446890273
2016-10-05,1074.25,-0.008765859284890376
2016-10-06,1077.25,0.0027926460321154867
2016-10-07,1082.5,0.00487352053840806
2016-10-10,1073.949951171875,-0.00789842847863742
2016-10-13,1053.949951171875,-0.018622841761086084
2016-10-14,1061.300048828125,0.006973858339361927
2016-10-17,1078.8499755859375,0.016536253604426898
2016-10-18,1117.3499755859375,0.03568614809402959
2016-10-19,1118.8499755859375,0.001342462104779063
2016-10-20,1121.4000244140625,0.002279169579272322
2016-10-21,1134.300048828125,0.011503499316225518
2016-10-24,1128.949951171875,-0.004716651173362174
2016-10-25,1141.699951171875,0.011293680456573973
2016-10-26,1148.4000244140625,0.0058685062001713195
2016-10-27,1104.800048828125,-0.037965843485751494
2016-10-28,1072.550048828125,-0.029190802475260513
2016-11-01,1060.800048828125,-0.010955199725027454
2016-11-02,1019.8499755859375,-0.038603008443886644
2016-11-03,1030.8499755859375,0.010785900145440674
2016-11-04,993.1500244140625,-0.036571714667254285
2016-11-07,990.4000244140625,-0.0027689673588060515
2016-11-08,983.7000122070312,-0.0067649556157827195
2016-11-09,929.1500244140625,-0.055453885448857765
2016-11-10,929.2000122070312,5.379948518036137e-05
2016-11-11,858.0999755859375,-0.07651747275833254
2016-11-15,815.0499877929688,-0.050168965176316305
2016-11-16,899.7999877929688,0.10398135239470419
2016-11-17,871.1500244140625,-0.031840368712583444
2016-11-18,878.4000244140625,0.008322332315695347
2016-11-21,832.2000122070312,-0.05259564085036206
2016-11-22,858.0,0.031002147818462555
2016-11-23,850.25,-0.00903263403263399
2016-11-24,820.7000122070312,-0.034754469618310746
2016-11-25,877.9000244140625,0.06969661430028329
2016-11-28,879.25,0.0015377327126042672
2016-11-29,907.25,0.03184532271822582
2016-11-30,919.7999877929688,0.01383299839401353
2016-12-01,914.2000122070312,-0.006088253598887761
2016-12-02,886.5,-0.03029972854644669
2016-12-05,902.25,0.017766497461928932
2016-12-06,898.0499877929688,-0.004655042623476047
2016-12-07,891.0499877929688,-0.00779466632720871
2016-12-08,911.5499877929688,0.023006565603324036
2016-12-09,896.3499755859375,-0.01667490802543181
2016-12-12,843.5999755859375,-0.05884978126486551
2016-12-13,836.75,-0.008119933361993903
2016-12-14,848.75,0.014341201075590115
2016-12-15,853.7999877929688,0.005949911979933775
2016-12-16,850.7999877929688,-0.003513703493665865
2016-12-19,822.9000244140625,-0.03279262315374565
2016-12-20,805.7999877929688,-0.02078021158556853
2016-12-21,788.5999755859375,-0.021345262431860967
2016-12-22,765.4000244140625,-0.02941916293446145
2016-12-23,808.9500122070312,0.056898336038475605
2016-12-26,810.0,0.0012979637519308085
2016-12-27,809.75,-0.00030864197530866555
2016-12-28,820.2000122070312,0.01290523273483335
2016-12-29,833.3499755859375,0.016032630069733544
2016-12-30,842.2000122070312,0.010619831859803197
2017-01-02,870.0499877929688,0.0330681253648466
2017-01-03,884.0,0.01603357554480045
2017-01-04,871.9000244140625,-0.013687755187712147
2017-01-05,899.75,0.03194170754227632
2017-01-06,878.4500122070312,-0.023673229000243157
2017-01-09,878.25,-0.00022768763646408008
2017-01-10,899.75,0.024480500996299392
2017-01-11,896.1500244140625,-0.004001084285565448
2017-01-12,891.2000122070312,-0.005523642327932454
2017-01-13,900.0499877929688,0.009930403349098782
2017-01-16,917.7000122070312,0.019610049056655754
2017-01-17,914.3499755859375,-0.0036504702806280376
2017-01-18,930.3499755859375,0.017498770084996007
2017-01-19,926.2999877929688,-0.004353187401781811
2017-01-20,907.7000122070312,-0.020079861633437335
2017-01-23,929.6500244140625,0.02418201158074318
2017-01-24,929.75,0.00010754109967403558
2017-01-25,999.8499755859375,0.0753965857337322
2017-01-27,995.8499755859375,-0.004000600187699099
2017-01-30,1054.800048828125,0.05919573699592906
2017-01-31,1036.9000244140625,-0.016970064074181
2017-02-01,1066.1500244140625,0.02820908410772649
2017-02-02,1054.1500244140625,-0.011255451601752786
2017-02-03,1047.3499755859375,-0.006450741043149688
2017-02-06,1073.699951171875,0.025158711223720598
2017-02-07,1060.949951171875,-0.011874825910240694
2017-02-08,1049.449951171875,-0.010839342597921409
2017-02-09,1040.8499755859375,-0.008194745805966575
2017-02-10,1055.449951171875,0.014026974038903628
2017-02-13,1058.949951171875,0.0033161212392061046
2017-02-14,1059.5,0.0005194285409959587
2017-02-15,1040.4000244140625,-0.01802734835860076
2017-02-16,1094.3499755859375,0.051855007598888614
2017-02-17,1089.5,-0.004431832315197615
2017-02-20,1095.9000244140625,0.005874276653568211
2017-02-21,1095.9000244140625,0.0
2017-02-22,1076.25,-0.01793048998659219
2017-02-23,1068.199951171875,-0.007479720165505244
2017-02-27,1091.5999755859375,0.02190603396713442
2017-02-28,1108.199951171875,0.015207013518873547
2017-03-01,1075.8499755859375,-0.02919146093782876
2017-03-02,1048.75,-0.025189363016138056
2017-03-03,1046.25,-0.0023837902264600697
2017-03-06,1033.949951171875,-0.011756319071087207
2017-03-07,1052.4000244140625,0.017844261437680142
2017-03-08,1081.199951171875,0.02736595029427824
2017-03-09,1087.199951171875,0.005549389817763872
2017-03-10,1094.5,0.00671454116628345
2017-03-14,1126.699951171875,0.029419781792485056
2017-03-15,1134.550048828125,0.006967336466186191
2017-03-16,1163.5,0.025516680556999072
2017-03-17,1159.300048828125,-0.003609756056617952
2017-03-20,1172.550048828125,0.011429310309607699
2017-03-21,1174.550048828125,0.0017056841215425944
2017-03-22,1159.699951171875,-0.01264322254387229
2017-03-23,1185.75,0.022462748922082332
2017-03-24,1177.050048828125,-0.00733708722064097
2017-03-27,1185.0,0.0067541318058566
2017-03-28,1194.75,0.008227848101265867
2017-03-29,1180.75,-0.011717932621887472
2017-03-30,1181.050048828125,0.0002541171527630226
2017-03-31,1171.0999755859375,-0.008424768494832424
2017-04-03,1181.75,0.009094035211412166
2017-04-05,1173.0999755859375,-0.007319673716151942
2017-04-06,1198.0999755859375,0.021311056619460755
2017-04-07,1201.5999755859375,0.002921292105267259
2017-04-10,1240.75,0.0325815789027224
2017-04-11,1255.949951171875,0.012250615492141792
2017-04-12,1266.199951171875,0.008161153229423013
2017-04-13,1273.9000244140625,0.006081245884633768
2017-04-17,1259.550048828125,-0.011264601076162006
2017-04-18,1236.050048828125,-0.01865745630502269
2017-04-19,1242.949951171875,0.005582219223478679
2017-04-20,1252.0,0.007281104777865366
2017-04-21,1246.949951171875,-0.004033585325978417
2017-04-24,1271.75,0.019888567945183455
2017-04-25,1341.699951171875,0.05500291029830939
2017-04-26,1309.699951171875,-0.02385033998998831
2017-04-27,1285.699951171875,-0.018324807890941486
2017-04-28,1276.199951171875,-0.007388971269183808
2017-05-02,1268.5999755859375,-0.0059551605365277815
2017-05-03,1270.0999755859375,0.0011824058244263025
2017-05-04,1296.550048828125,0.020825189946157785
2017-05-05,1274.25,-0.01719952796907509
2017-05-08,1272.0,-0.0017657445556209517
2017-05-09,1286.0999755859375,0.011084886466931954
2017-05-10,1327.0,0.03180159022662976
2017-05-11,1339.699951171875,0.009570422887622554
2017-05-12,1314.75,-0.01862353667330552
2017-05-15,1332.949951171875,0.013842898780661805
2017-05-16,1347.75,0.01110322920610285
2017-05-17,1324.800048828125,-0.017028344405026874
2017-05-18,1314.550048828125,-0.007737016623049486
2017-05-19,1289.1500244140625,-0.019322219368296922
2017-05-22,1242.1500244140625,-0.03645813063639525
2017-05-23,1233.75,-0.006762487822696728
2017-05-24,1224.3499755859375,-0.007619067407548141
2017-05-25,1258.8499755859375,0.028178217574994724
2017-05-26,1317.800048828125,0.046828513631855806
2017-05-29,1307.449951171875,-0.007854072903893061
2017-05-30,1321.550048828125,0.010784426312924644
2017-05-31,1326.949951171875,0.004086036959809691
2017-06-01,1327.3499755859375,0.00030146156884769404
2017-06-02,1361.25,0.025539627858205183
2017-06-05,1363.0999755859375,0.0013590270603764942
2017-06-06,1336.6500244140625,-0.019404263550445222
2017-06-07,1343.1500244140625,0.0048629034386540315
2017-06-08,1361.699951171875,0.013810763072356513
2017-06-09,1376.8499755859375,0.01112581696211734
2017-06-12,1364.949951171875,-0.00864293468792654
2017-06-13,1371.5,0.00479874651997414
2017-06-14,1361.0,-0.007655851257747037
2017-06-15,1405.25,0.0325128581925056
2017-06-16,1410.300048828125,0.0035937013542963747
2017-06-19,1399.8499755859375,-0.007409822647932884
2017-06-20,1409.5999755859375,0.006965032089184309
2017-06-21,1416.6500244140625,0.005001453568551861
2017-06-22,1401.800048828125,-0.010482458850116894
2017-06-23,1400.75,-0.0007490717588451989
2017-06-27,1349.949951171875,-0.03626632077681602
2017-06-28,1372.3499755859375,0.016593225841163406
2017-06-29,1376.300048828125,0.002878327913767853
2017-06-30,1373.0999755859375,-0.0023251276092827178
2017-07-03,1387.1500244140625,0.010232356767852613
2017-07-04,1379.550048828125,-0.005478841835545367
2017-07-05,1398.550048828125,0.013772606522061137
2017-07-06,1399.300048828125,0.0005362696891888508
2017-07-07,1391.699951171875,-0.005431356671940946
2017-07-10,1412.800048828125,0.015161384203888684
2017-07-11,1419.199951171875,0.004529942045980562
2017-07-12,1443.699951171875,0.017263247493610523
2017-07-13,1485.9000244140625,0.029230501260274266
2017-07-14,1499.4000244140625,0.009085402636912487
2017-07-17,1538.5,0.026077080798512675
2017-07-18,1512.3499755859375,-0.016997090941867077
2017-07-19,1541.8499755859375,0.01950606703224933
2017-07-20,1595.3499755859375,0.0346985769349375
2017-07-21,1621.3499755859375,0.016297364464151975
2017-07-24,1597.4000244140625,-0.014771611023227549
2017-07-25,1627.5,0.01884310449849802
2017-07-26,1687.1500244140625,0.036651320684523814
2017-07-27,1679.3499755859375,-0.004623209978516285
2017-07-28,1701.3499755859375,0.01310030685671948
2017-07-31,1703.0999755859375,0.0010285949540731476
2017-08-01,1716.25,0.007721228702113336
2017-08-02,1707.199951171875,-0.005273152995265873
2017-08-03,1701.75,-0.0031923332519626646
2017-08-04,1723.449951171875,0.012751550563757874
2017-08-07,1798.1500244140625,0.043343337699707885
2017-08-08,1779.800048828125,-0.010204919131771018
2017-08-09,1697.699951171875,-0.046128832118140006
2017-08-10,1635.5999755859375,-0.03657888753726568
2017-08-11,1695.4000244140625,0.0365615368798855
2017-08-14,1710.9000244140625,0.009142385146158505
2017-08-16,1721.3499755859375,0.006107867802184419
2017-08-17,1728.75,0.004298965648483977
2017-08-18,1704.949951171875,-0.013767201057483747
2017-08-21,1690.5999755859375,-0.008416655032057796
2017-08-22,1682.9000244140625,-0.004554567185064751
2017-08-23,1779.300048828125,0.057282086288890754
2017-08-24,1760.0999755859375,-0.010790801278757312
2017-08-28,1829.949951171875,0.039685231836154244
2017-08-29,1773.4000244140625,-0.030902444474833146
2017-08-30,1788.050048828125,0.008260981285879376
2017-08-31,1781.9000244140625,-0.003439514692607837
2017-09-01,1799.949951171875,0.010129595662218938
2017-09-04,1801.3499755859375,0.0007778129681610402
2017-09-05,1794.4000244140625,-0.0038581903939096662
2017-09-06,1858.949951171875,0.03597298588919173
2017-09-07,1963.199951171875,0.05608004665982591
2017-09-08,1891.199951171875,-0.036674817538081994
2017-09-11,1920.449951171875,0.015466370957695652
2017-09-12,1894.4000244140625,-0.013564491353662556
2017-09-13,1907.1500244140625,0.006730363088938152
2017-09-14,1909.9000244140625,0.001441942146551911
2017-09-15,1902.75,-0.003743664235124622
2017-09-18,1911.6500244140625,0.004677453377512908
2017-09-19,1911.800048828125,7.847901663304846e-05
2017-09-20,1904.9000244140625,-0.0036091768165253946
2017-09-21,1919.5,0.007664431413101802
2017-09-22,1863.1500244140625,-0.029356590563134888
2017-09-25,1796.0,-0.03604112579993679
2017-09-26,1840.0999755859375,0.024554552107983074
2017-09-27,1806.75,-0.01812400197185915
2017-09-28,1842.8499755859375,0.019980614687110876
2017-09-29,1838.050048828125,-0.002604621548906283
2017-10-03,1867.800048828125,0.01618563108168214
2017-10-04,1862.6500244140625,-0.0027572675229844412
2017-10-05,1866.199951171875,0.0019058474277415804
2017-10-06,1923.5999755859375,0.03075770330934713
2017-10-09,1941.300048828125,0.009201535385129134
2017-10-10,1950.800048828125,0.004893627858163718
2017-10-11,1923.550048828125,-0.013968627905442954
2017-10-12,1953.1500244140625,0.015388201416423053
2017-10-13,1953.050048828125,-5.118684416860475e-05
2017-10-16,1886.300048828125,-0.0341773115543309
2017-10-17,1867.0999755859375,-0.01017869519439163
2017-10-18,1868.5,0.000749839018996834
2017-10-19,1845.9000244140625,-0.01209525051428284
2017-10-23,1833.75,-0.006582168185364834
2017-10-24,1826.050048828125,-0.004199019043967245
2017-10-25,1726.3499755859375,-0.054598762671467016
2017-10-26,1746.75,0.01181685330469473
2017-10-27,1819.0,0.041362530413625365
2017-10-30,1804.300048828125,-0.008081336543086848
2017-10-31,1800.5999755859375,-0.0020506973020316677
2017-11-01,1806.75,0.0034155417624401885
2017-11-02,1810.199951171875,0.0019094789937041945
2017-11-03,1836.949951171875,0.014777373064606802
2017-11-06,1822.0,-0.008138464067754092
2017-11-07,1802.550048828125,-0.010675055527922583
2017-11-08,1775.699951171875,-0.014895618390016852
2017-11-09,1753.0,-0.012783663792350852
2017-11-10,1745.0,-0.00456360524814603
2017-11-13,1728.75,-0.009312320916905481
2017-11-14,1754.9000244140625,0.015126550637201808
2017-11-15,1713.800048828125,-0.023420123661836656
2017-11-16,1764.25,0.02943747796388041
2017-11-17,1787.3499755859375,0.013093368618924517
2017-11-20,1805.25,0.010014840215159637
2017-11-21,1809.75,0.002492729538845051
2017-11-22,1773.949951171875,-0.019781764789680856
2017-11-23,1763.6500244140625,-0.0058062104576334095
2017-11-24,1790.0,0.014940592079594639
2017-11-27,1773.25,-0.00935754189944138
2017-11-28,1766.4000244140625,-0.003862949717150732
2017-11-29,1756.300048828125,-0.0057178303025033905
2017-11-30,1727.050048828125,-0.016654329662813994
2017-12-01,1711.5999755859375,-0.008945932547045232
2017-12-04,1675.949951171875,-0.02082847915550967
2017-12-05,1707.4000244140625,0.018765520545644288
2017-12-06,1671.449951171875,-0.021055448476126504
2017-12-07,1676.300048828125,0.0029017307116192548
2017-12-08,1702.25,0.015480493000054718
2017-12-11,1707.800048828125,0.003260419343882992
2017-12-12,1699.25,-0.005006469483351927
2017-12-13,1671.800048828125,-0.01615415693504485
2017-12-14,1685.8499755859375,0.00840407126896614
2017-12-15,1729.5999755859375,0.02595130090670983
2017-12-18,1756.8499755859375,0.015755088103981185
2017-12-19,1757.75,0.0005122944056519252
2017-12-20,1770.4000244140625,0.007196714216505473
2017-12-21,1748.050048828125,-0.01262425173843662
2017-12-22,1782.449951171875,0.019679014549275342
2017-12-26,1789.5,0.003955257662909384
2017-12-27,1770.949951171875,-0.010366051314962266
2017-12-28,1755.1500244140625,-0.00892172404271352
2017-12-29,1756.699951171875,0.0008830736610847545
2018-01-01,1725.6500244140625,-0.01767514522733349
2018-01-02,1724.6500244140625,-0.0005794917775053809
2018-01-03,1715.300048828125,-0.00542137561451872
2018-01-04,1754.0,0.022561621914669816
2018-01-05,1814.5,0.03449258836944136
2018-01-08,1836.8499755859375,0.01231742936673319
2018-01-09,1819.5,-0.009445504976748564
2018-01-10,1802.199951171875,-0.009508133458711154
2018-01-11,1780.3499755859375,-0.012124057362075558
2018-01-12,1770.0999755859375,-0.005757294992871587
2018-01-15,1738.1500244140625,-0.018049800357349266
2018-01-16,1687.3499755859375,-0.02922650410757832
2018-01-17,1701.199951171875,0.008208122669470574
2018-01-18,1660.699951171875,-0.023806725348247015
2018-01-19,1701.9000244140625,0.024808860392339094
2018-01-22,1706.3499755859375,0.002614695991562055
2018-01-23,1708.699951171875,0.0013771943736984316
2018-01-24,1739.1500244140625,0.017820608715593433
2018-01-25,1710.300048828125,-0.016588549107865114
2018-01-29,1715.300048828125,0.002923463636351986
2018-01-30,1678.4000244140625,-0.021512285526530617
2018-01-31,1677.8499755859375,-0.00032772212829124125
2018-02-01,1729.449951171875,0.03075362895178868
2018-02-02,1628.9000244140625,-0.05813983034876491
2018-02-05,1604.949951171875,-0.014703218664879447
2018-02-06,1662.1500244140625,0.035639786275218244
2018-02-07,1641.6500244140625,-0.012333423396739818
2018-02-08,1662.1500244140625,0.012487436234965399
2018-02-09,1639.4000244140625,-0.013687091818333164
2018-02-12,1643.800048828125,0.002683923599205107
2018-02-14,1669.949951171875,0.015908201464279292
2018-02-15,1677.050048828125,0.00425168290299216
2018-02-16,1675.25,-0.0010733423426347866
2018-02-19,1642.699951171875,-0.019429964977242253
2018-02-20,1638.75,-0.0024045481763466103
2018-02-21,1596.449951171875,-0.02581238677536235
2018-02-22,1600.3499755859375,0.002442935596696616
2018-02-23,1633.4000244140625,0.020651763259486033
2018-02-26,1674.949951171875,0.025437692014677937
2018-02-27,1656.800048828125,-0.010836086374432563
2018-02-28,1640.25,-0.009989164860196076
2018-03-01,1659.3499755859375,0.011644551492722144
2018-03-05,1636.949951171875,-0.013499276670765448
2018-03-06,1637.75,0.0004887436097555931
2018-03-07,1618.3499755859375,-0.011845534675049563
2018-03-08,1628.050048828125,0.005993804423345184
2018-03-09,1654.199951171875,0.016062099787763184
2018-03-12,1665.25,0.006679995861623045
2018-03-13,1680.699951171875,0.0092778568814742
2018-03-14,1710.0999755859375,0.017492726404592984
2018-03-15,1726.25,0.009443906581268147
2018-03-16,1687.9000244140625,-0.022215771519732086
2018-03-19,1631.8499755859375,-0.03320697198732625
2018-03-20,1657.300048828125,0.015595841298492674
2018-03-21,1704.550048828125,0.0285102266384476
2018-03-22,1695.5999755859375,-0.005250695483151491
2018-03-23,1685.300048828125,-0.006074502775487045
2018-03-26,1741.5999755859375,0.03340647073318537
2018-03-27,1772.449951171875,0.01771358292282854
2018-03-28,1767.550048828125,-0.0027644799451236324
2018-04-02,1818.5999755859375,0.02888174328735893
2018-04-03,1834.25,0.008605534270405002
2018-04-04,1850.199951171875,0.008695625553700514
2018-04-05,1915.5999755859375,0.035347544124968655
2018-04-06,1937.5999755859375,0.011484652474622603
2018-04-09,1944.25,0.003432093568256578
2018-04-10,1926.050048828125,-0.009360910979490766
2018-04-11,1924.6500244140625,-0.0007268889066067707
2018-04-12,1929.3499755859375,0.0024419770411536756
2018-04-13,1914.3499755859375,-0.007774639225547775
2018-04-16,1943.300048828125,0.015122664931383145
2018-04-17,1935.050048828125,-0.004245355731336997
2018-04-18,1926.8499755859375,-0.004237654342404973
2018-04-19,1913.300048828125,-0.007032164895812487
2018-04-20,1880.4000244140625,-0.017195433844374497
2018-04-23,1899.3499755859375,0.01007761695694498
2018-04-24,1917.800048828125,0.009713888161393625
2018-04-25,1899.8499755859375,-0.009359720922499704
2018-04-26,1892.0999755859375,-0.004079269468427293
2018-04-27,1901.1500244140625,0.004783071161619024
2018-04-30,1907.699951171875,0.003445244548667903
2018-05-02,1905.0999755859375,-0.0013628849674920396
2018-05-03,1874.300048828125,-0.016167092096224245
2018-05-04,1857.4000244140625,-0.009016712358636991
2018-05-07,1895.449951171875,0.02048558536539047
2018-05-08,1868.4000244140625,-0.014270979163068187
2018-05-09,1849.0999755859375,-0.01032971985438591
2018-05-10,1837.4000244140625,-0.006327376197259205
2018-05-11,1861.5,0.013116346612449314
2018-05-14,1864.5,0.0016116035455278066
2018-05-15,1901.949951171875,0.02008578770280245
2018-05-16,1919.949951171875,0.009463971430430762
2018-05-17,2066.5,0.07633014013655703
2018-05-18,2149.64990234375,0.040237068639608076
2018-05-21,2105.449951171875,-0.020561464973288923
2018-05-22,2149.300048828125,0.020826948478088303
2018-05-23,2078.39990234375,-0.03298755170225409
2018-05-24,2094.75,0.00786667553140874
2018-05-25,2116.0,0.01014440864064925
2018-05-28,2094.949951171875,-0.009948038198546838
2018-05-29,2077.10009765625,-0.008520420025137199
2018-05-30,2118.64990234375,0.02000375655192732
2018-05-31,2109.89990234375,-0.004129988626398462
2018-06-01,2077.39990234375,-0.015403574342032988
2018-06-04,2062.85009765625,-0.007003853553225192
2018-06-05,2100.60009765625,0.018299923994909095
2018-06-06,2160.64990234375,0.02858697605246263
2018-06-07,2169.449951171875,0.004072871231280528
2018-06-08,2186.85009765625,0.008020533718685607
2018-06-11,2250.300048828125,0.029014312064588932
2018-06-12,2261.25,0.004865996060204214
2018-06-13,2231.050048828125,-0.013355423403814237
2018-06-14,2243.25,0.005468255263158861
2018-06-15,2283.60009765625,0.01798733875236813
2018-06-18,2243.14990234375,-0.017713344536118947
2018-06-19,2270.60009765625,0.012237343248357568
2018-06-20,2267.800048828125,-0.0012331756838270813
2018-06-21,2257.449951171875,-0.004563937487168879
2018-06-22,2336.050048828125,0.03481809092398591
2018-06-25,2390.60009765625,0.023351404159979383
2018-06-26,2367.35009765625,-0.009725591504323283
2018-06-27,2335.5,-0.013453902609412371
2018-06-28,2274.699951171875,-0.026032990292496283
2018-06-29,2296.35009765625,0.009517803204427633
2018-07-02,2299.550048828125,0.0013934944741835764
2018-07-03,2321.10009765625,0.009371419786713187
2018-07-04,2331.39990234375,0.004437466827863279
2018-07-05,2330.14990234375,-0.0005361585538128377
2018-07-06,2345.699951171875,0.00667341135970867
2018-07-09,2348.050048828125,0.0010018747943767448
2018-07-10,2366.35009765625,0.007793721789387975
2018-07-11,2355.60009765625,-0.0045428611812966535
2018-07-12,2415.0,0.02521646284649548
2018-07-13,2468.60009765625,0.022194657414596364
2018-07-16,2472.300048828125,0.0014988054061035871
2018-07-17,2469.14990234375,-0.001274176443861741
2018-07-18,2488.75,0.007937994221268285
2018-07-19,2520.199951171875,0.012636846276996572
2018-07-20,2721.35009765625,0.0798151537106575
2018-07-23,2755.800048828125,0.012659139741536762
2018-07-24,2713.35009765625,-0.015403857471417925
2018-07-25,2705.050048828125,-0.003058967154770942
2018-07-26,2681.64990234375,-0.00865054104803431
2018-07-27,2713.699951171875,0.011951615608030597
2018-07-30,2678.0,-0.01315545263449569
2018-07-31,2697.89990234375,0.0074308821298543215
2018-08-01,2722.800048828125,0.009229455274728071
2018-08-02,2683.85009765625,-0.014305108885479423
2018-08-03,2681.300048828125,-0.0009501457739208297
2018-08-06,2696.25,0.005575635288713299
2018-08-07,2747.35009765625,0.018952284712563827
2018-08-08,2813.14990234375,0.023950280214972697
2018-08-09,2830.14990234375,0.006043048038725685
2018-08-10,2808.449951171875,-0.007667421133383923
2018-08-13,2760.39990234375,-0.017109099205444345
2018-08-14,2830.199951171875,0.025286208990538128
2018-08-16,2856.60009765625,0.00932801460668653
2018-08-17,2851.199951171875,-0.001890410382890395
2018-08-20,2839.75,-0.004015835917494659
2018-08-21,2871.800048828125,0.011286221966062104
2018-08-23,2893.85009765625,0.007678128161159092
2018-08-24,2916.60009765625,0.007861499121335047
2018-08-27,2950.75,0.011708805184225568
2018-08-28,2932.60009765625,-0.0061509454693722265
2018-08-29,2985.5,0.018038566658313826
2018-08-30,2926.75,-0.01967844582147049
2018-08-31,2856.60009765625,-0.02396853244853503
2018-09-03,2724.050048828125,-0.04640133175689454
2018-09-04,2746.300048828125,0.00816798502273186
2018-09-05,2716.89990234375,-0.010705365750883766
2018-09-06,2684.10009765625,-0.012072511268893305
2018-09-07,2744.199951171875,0.022391062676129003
2018-09-10,2615.64990234375,-0.046844271961024364
2018-09-11,2600.75,-0.00569644367558475
2018-09-12,2594.0,-0.0025954051715850746
2018-09-14,2672.199951171875,0.030146473080907787
2018-09-17,2604.60009765625,-0.025297453315939022
2018-09-18,2570.39990234375,-0.013130689560856168
2018-09-19,2499.550048828125,-0.027563747357375212
2018-09-21,2379.39990234375,-0.04806871002271207
2018-09-24,2260.800048828125,-0.04984443909525338
2018-09-25,2299.199951171875,0.016985094441967385
2018-09-26,2315.550048828125,0.00711121172732998
2018-09-27,2204.199951171875,-0.04808796843436969
2018-09-28,2168.0,-0.016423170299332046
2018-10-01,2208.5,0.018680811808118092
2018-10-03,2232.199951171875,0.010731243455682549
2018-10-04,2179.14990234375,-0.023765813990039075
2018-10-05,2023.300048828125,-0.07151864740833258
2018-10-08,1974.8499755859375,-0.023946064386371813
2018-10-09,2060.85009765625,0.04354767356178346
2018-10-10,2270.949951171875,0.10194814933631813
2018-10-11,2162.10009765625,-0.04793141894626751
2018-10-12,2287.35009765625,0.057929787864943405
2018-10-15,2306.199951171875,0.008240913157517848
2018-10-16,2308.85009765625,0.0011491399447078887
2018-10-17,2150.5,-0.0685839664588852
2018-10-19,2140.5,-0.004650081376424087
2018-10-22,2115.35009765625,-0.011749545593903288
2018-10-23,2083.35009765625,-0.015127519570143577
2018-10-24,2311.800048828125,0.10965509418166408
2018-10-25,2335.0,0.01003544886316421
2018-10-26,2338.89990234375,0.0016701937232335151
2018-10-29,2380.449951171875,0.01776478283080385
2018-10-30,2356.35009765625,-0.01012407486398148
2018-10-31,2382.550048828125,0.0111188703231897
2018-11-01,2418.10009765625,0.014921008205309505
2018-11-02,2383.300048828125,-0.014391483984412035
2018-11-05,2359.39990234375,-0.010028173538672469
2018-11-06,2339.75,-0.008328347527788882
2018-11-07,2348.39990234375,0.003696934434768595
2018-11-09,2375.35009765625,0.011475982129620865
2018-11-12,2277.60009765625,-0.04115182856474486
2018-11-13,2285.0,0.003248991054823458
2018-11-14,2293.949951171875,0.003916827646334831
2018-11-15,2341.300048828125,0.02064129499950984
2018-11-16,2402.10009765625,0.02596849936365775
2018-11-19,2360.949951171875,-0.01713090413031726
2018-11-20,2380.10009765625,0.008111203913860887
2018-11-21,2430.550048828125,0.021196566993780808
2018-11-22,2381.5,-0.020180637239613386
2018-11-26,2394.60009765625,0.005500775837182559
2018-11-27,2435.449951171875,0.017059154702118162
2018-11-28,2412.550048828125,-0.009402739864447285
2018-11-29,2506.5,0.03894217706178171
2018-11-30,2537.699951171875,0.012447616665419936
2018-12-03,2508.64990234375,-0.011447393067375855
2018-12-04,2543.550048828125,0.013911923880557842
2018-12-05,2494.10009765625,-0.019441312426566104
2018-12-06,2432.39990234375,-0.02473845992407475
2018-12-07,2486.35009765625,0.022179821361000718
2018-12-10,2395.550048828125,-0.03651941410572768
2018-12-11,2426.75,0.013024128294517379
2018-12-12,2493.949951171875,0.027691336632069685
2018-12-13,2489.10009765625,-0.0019446474911599676
2018-12-14,2486.35009765625,-0.0011048169587833945
2018-12-17,2474.39990234375,-0.004806320446893109
2018-12-18,2532.199951171875,0.023359218844689167
2018-12-19,2596.89990234375,0.02555088556175522
2018-12-20,2591.39990234375,-0.0021179098951931152
2018-12-21,2591.25,-5.784608682524173e-05
2018-12-24,2564.89990234375,-0.010168875120598164
2018-12-26,2567.39990234375,0.0009746969063844091
2018-12-27,2587.14990234375,0.007692607599607104
2018-12-28,2634.800048828125,0.018418007569336314
2018-12-31,2645.14990234375,0.003928136224313539
2019-01-01,2656.85009765625,0.004423263612445272
2019-01-02,2614.050048828125,-0.016109320155428097
2019-01-03,2586.199951171875,-0.010654003227189568
2019-01-04,2576.050048828125,-0.003924639446053146
2019-01-07,2553.60009765625,-0.008714873836433323
2019-01-08,2537.050048828125,-0.006481065239351658
2019-01-09,2524.35009765625,-0.0050057944965418155
2019-01-10,2514.64990234375,-0.003842650558457117
2019-01-11,2514.199951171875,-0.00017893193460272183
2019-01-14,2544.800048828125,0.012170908539707481
2019-01-15,2604.199951171875,0.023341677618681
2019-01-16,2569.85009765625,-0.013190175163073747
2019-01-17,2535.89990234375,-0.013210963294498446
2019-01-18,2542.89990234375,0.002760361319281701
2019-01-21,2594.199951171875,0.02017383727170796
2019-01-22,2621.89990234375,0.010677646940576935
2019-01-23,2634.35009765625,0.004748539523332207
2019-01-24,2635.64990234375,0.0004934062062049716
2019-01-25,2599.550048828125,-0.013696755962741225
2019-01-28,2458.5,-0.05425940881257907
2019-01-29,2515.550048828125,0.02320522628762456
2019-01-30,2595.5,0.03178229397944987
2019-01-31,2574.85009765625,-0.007956040201791525
2019-02-01,2628.39990234375,0.020797251356979407
2019-02-04,2594.449951171875,-0.012916585159511551
2019-02-05,2603.60009765625,0.0035268155703840343
2019-02-06,2711.25,0.04134655796051634
2019-02-07,2696.60009765625,-0.005403375691562906
2019-02-08,2707.14990234375,0.0039122614794344646
2019-02-11,2657.199951171875,-0.018451121280218086
2019-02-12,2621.800048828125,-0.013322257637457091
2019-02-14,2609.199951171875,-0.0048058957287310244
2019-02-15,2561.10009765625,-0.018434713481433995
2019-02-18,2549.449951171875,-0.00454888369846862
2019-02-19,2559.800048828125,0.004059737533381513
2019-02-20,2606.14990234375,0.018106825779944824
2019-02-21,2654.699951171875,0.018629031578138777
2019-02-22,2640.39990234375,-0.0053866911858767574
2019-02-25,2657.75,0.006571011323265541
2019-02-26,2657.75,0.0
2019-02-27,2642.0,-0.005926065280782655
2019-02-28,2649.0,0.0026495079485238104
2019-03-01,2660.75,0.004435636089090256
2019-03-05,2695.14990234375,0.012928648818472332
2019-03-06,2766.699951171875,0.02654770659172012
2019-03-07,2734.800048828125,-0.011529946472959018
2019-03-08,2768.300048828125,0.012249524426604763
2019-03-11,2791.050048828125,0.008218039807365018
2019-03-12,2753.050048828125,-0.013614947541322309
2019-03-13,2828.14990234375,0.02727878250800142
2019-03-14,2808.10009765625,-0.007089371277980816
2019-03-15,2860.75,0.01874929686007043
2019-03-18,2929.550048828125,0.024049654401162357
2019-03-19,2920.89990234375,-0.0029527218652007914
2019-03-20,2868.60009765625,-0.017905373835486182
2019-03-22,2836.64990234375,-0.011137904979716229
2019-03-25,2849.800048828125,0.004635801715787924
2019-03-26,2934.35009765625,0.02966876530965501
2019-03-27,2945.25,0.0037145882328275537
2019-03-28,2995.85009765625,0.01718023857270179
2019-04-01,3001.449951171875,0.0018692035092162662
2019-04-02,3055.199951171875,0.017908011419285552
2019-04-03,3046.0,-0.0030112435581658437
2019-04-04,3039.449951171875,-0.002150377159594541
2019-04-05,3114.199951171875,0.024593265623992222
2019-04-08,3024.10009765625,-0.02893194236989194
2019-04-09,3008.699951171875,-0.005092472466870501
2019-04-10,2998.35009765625,-0.00343997529949569
2019-04-11,3047.85009765625,0.016509079456296094
2019-04-12,3008.800048828125,-0.01281232592710313
2019-04-15,3022.25,0.0044702043850051165
2019-04-16,3032.5,0.0033915129456529858
2019-04-18,3014.449951171875,-0.005952200767724625
2019-04-22,2991.25,-0.007696246926526706
2019-04-23,3035.050048828125,0.01464272422168822
2019-04-24,3093.050048828125,0.019110063777167285
2019-04-25,3081.0,-0.003895846700796346
2019-04-26,3096.85009765625,0.005144465321729852
2019-04-30,3095.949951171875,-0.0002906651778387115
2019-05-02,3131.75,0.011563510196466176
2019-05-03,3111.85009765625,-0.006354243583858832
2019-05-06,3034.300048828125,-0.02492088191733055
2019-05-07,3017.050048828125,-0.005685001391560474
2019-05-08,2921.300048828125,-0.031736298188752565
2019-05-09,2971.35009765625,0.017132799778031282
2019-05-10,2922.85009765625,-0.016322546453969133
2019-05-13,2931.85009765625,0.003079186307644255
2019-05-14,2881.85009765625,-0.017054077914819166
2019-05-15,3002.75,0.04195218288490277
2019-05-16,3110.050048828125,0.03573392684310206
2019-05-17,3301.10009765625,0.0614298952841974
2019-05-20,3407.550048828125,0.03224681106987748
2019-05-21,3433.300048828125,0.0075567488755903245
2019-05-22,3448.89990234375,0.004543690703918912
2019-05-23,3377.75,-0.020629738281299215
2019-05-24,3467.89990234375,0.026689335310117634
2019-05-27,3449.0,-0.00544995613367516
2019-05-28,3409.800048828125,-0.011365599064040333
2019-05-29,3409.25,-0.00016131410060660212
2019-05-30,3481.64990234375,0.02123631365952927
2019-05-31,3467.10009765625,-0.004178997054731237
2019-06-03,3511.050048828125,0.012676285637551965
2019-06-04,3531.14990234375,0.005724741383944076
2019-06-06,3452.949951171875,-0.0221457466645556
2019-06-07,3509.449951171875,0.016362820428609037
2019-06-10,3519.60009765625,0.0028922328642941864
2019-06-11,3551.85009765625,0.00916297281088152
2019-06-12,3505.85009765625,-0.012950997011488163
2019-06-13,3544.5,0.01102440243226277
2019-06-14,3518.39990234375,-0.007363548499435768
2019-06-17,3466.5,-0.01475099584591777
2019-06-18,3509.300048828125,0.012346761525493966
2019-06-19,3525.5,0.00461629126790819
2019-06-20,3582.550048828125,0.016182115679513442
2019-06-21,3565.85009765625,-0.004661470445426863
2019-06-24,3545.35009765625,-0.005748979749169547
2019-06-25,3579.85009765625,0.009731055904128372
2019-06-26,3627.949951171875,0.013436275878455417
2019-06-27,3642.199951171875,0.003927838088118252
2019-06-28,3681.10009765625,0.010680398387205248
2019-07-01,3699.0,0.004862650259129575
2019-07-02,3711.10009765625,0.0032711807667613613
2019-07-03,3715.39990234375,0.001158633444087176
2019-07-04,3732.5,0.004602491819376775
2019-07-05,3719.14990234375,-0.003576717389484285
2019-07-08,3413.300048828125,-0.08223649531385735
2019-07-09,3603.10009765625,0.05560602528725478
2019-07-10,3429.050048828125,-0.04830563795364484
2019-07-11,3451.050048828125,0.006415771040588547
2019-07-12,3377.5,-0.021312368058266862
2019-07-15,3412.10009765625,0.010244292422279866
2019-07-16,3448.699951171875,0.010726488809857937
2019-07-17,3463.300048828125,0.004233507658817581
2019-07-18,3467.64990234375,0.0012559851743416672
2019-07-19,3323.10009765625,-0.04168523604121632
2019-07-22,3246.60009765625,-0.023020672791034702
2019-07-23,3276.89990234375,0.00933278007025673
2019-07-24,3173.550048828125,-0.03153891073746429
2019-07-25,3046.5,-0.0400340460598817
2019-07-26,3264.60009765625,0.07159038163671427
2019-07-29,3252.64990234375,-0.0036605387964913083
2019-07-30,3249.949951171875,-0.000830077399332052
2019-07-31,3252.050048828125,0.000646193845383003
2019-08-01,3222.10009765625,-0.00920956034568643
2019-08-02,3237.89990234375,0.004903573510640635
2019-08-05,3160.050048828125,-0.024043316922574887
2019-08-06,3272.25,0.03550575131349043
2019-08-07,3265.800048828125,-0.0019711058665673464
2019-08-08,3334.699951171875,0.02109740379496694
2019-08-09,3419.699951171875,0.025489549658022304
2019-08-13,3221.85009765625,-0.05785591026716397
2019-08-14,3289.949951171875,0.021136878331231124
2019-08-16,3337.199951171875,0.014361920607080858
2019-08-19,3328.050048828125,-0.0027417902665787253
2019-08-20,3294.10009765625,-0.010201154031271087
2019-08-21,3261.449951171875,-0.00991170441590572
2019-08-22,3114.10009765625,-0.04517924718197208
2019-08-23,3174.35009765625,0.019347483417551548
2019-08-26,3324.25,0.047222233758786425
2019-08-27,3357.75,0.010077461081446915
2019-08-28,3326.35009765625,-0.009351471176755277
2019-08-29,3299.300048828125,-0.00813205105715853
2019-08-30,3332.5,0.010062725632870917
2019-09-03,3258.5,-0.022205551387846967
2019-09-04,3250.25,-0.0025318398035906187
2019-09-05,3292.699951171875,0.01306051878220904
2019-09-06,3373.0,0.02438729614568924
2019-09-09,3437.35009765625,0.019078001083975726
2019-09-11,3416.39990234375,-0.006094868057456515
2019-09-12,3382.35009765625,-0.009966574657767957
2019-09-13,3427.35009765625,0.013304359010967604
2019-09-16,3418.85009765625,-0.0024800501138803055
2019-09-17,3368.39990234375,-0.014756480650346626
2019-09-18,3413.85009765625,0.013493111456533313
2019-09-19,3362.050048828125,-0.015173498351227499
2019-09-20,3702.199951171875,0.10117336071850347
2019-09-23,4023.75,0.08685377696208518
2019-09-24,3961.75,-0.015408511960236071
2019-09-25,3930.89990234375,-0.007786987481857799
2019-09-26,4000.800048828125,0.017782224991966356
2019-09-27,4057.39990234375,0.014147133779455867
2019-09-30,4046.050048828125,-0.0027973218782474385
2019-10-01,3992.39990234375,-0.013259882066934403
2019-10-03,3959.800048828125,-0.008165477986432967
2019-10-04,3903.949951171875,-0.014104272177272836
2019-10-07,3900.89990234375,-0.0007812725230275097
2019-10-09,4023.89990234375,0.03153118590048898
2019-10-10,3948.89990234375,-0.018638634613230787
2019-10-11,3973.199951171875,0.006153624915562483
2019-10-14,3883.300048828125,-0.022626573907319814
2019-10-15,3879.449951171875,-0.0009914499543788313
2019-10-16,4016.39990234375,0.035301383674380515
2019-10-17,4106.7998046875,0.022507694587632576
2019-10-18,4137.64990234375,0.007511955567212736
2019-10-22,4034.14990234375,-0.025014199471389054
2019-10-23,4038.35009765625,0.001041159950466941
2019-10-24,4026.14990234375,-0.0030210841104589825
2019-10-25,3987.25,-0.009661811727652014
2019-10-27,3978.89990234375,-0.0020941996755282632
2019-10-29,4047.25,0.017178139519415492
2019-10-30,3992.0,-0.013651244672308382
2019-10-31,4027.550048828125,0.008905322852736708
2019-11-01,4069.85009765625,0.010502674905413789
2019-11-04,4113.0,0.010602332102747303
2019-11-05,4227.7998046875,0.027911452634937994
2019-11-06,4188.14990234375,-0.009378377448191588
2019-11-07,4225.85009765625,0.00900163465768089
2019-11-08,4159.4501953125,-0.015712791700911666
2019-11-11,4169.0498046875,0.0023079034305586443
2019-11-13,4144.5498046875,-0.005876638838052117
2019-11-14,4210.5498046875,0.0159245281418392
2019-11-15,4187.60009765625,-0.0054505250135507
2019-11-18,4154.89990234375,-0.007808815204394026
2019-11-19,4135.75,-0.004608992465245154
2019-11-20,4138.5498046875,0.0006769762890648234
2019-11-21,4123.64990234375,-0.003600271362416252
2019-11-22,4078.300048828125,-0.01099750332583993
2019-11-25,4141.7001953125,0.015545728790257174
2019-11-26,4098.35009765625,-0.010466739650859536
2019-11-27,4118.35009765625,0.004880012571751191
2019-11-28,4102.0498046875,-0.003957966802780155
2019-11-29,4074.199951171875,-0.006789252895905928
2019-12-02,3950.449951171875,-0.030374061529406582
2019-12-03,3964.550048828125,0.0035692383982910414
2019-12-04,3990.85009765625,0.006633804215915751
2019-12-05,3990.85009765625,0.0
2019-12-06,3951.64990234375,-0.009822517597321334
2019-12-09,3944.85009765625,-0.0017207507890480978
2019-12-10,3986.85009765625,0.010646792390147652
2019-12-11,4036.800048828125,0.012528675507824882
2019-12-12,4057.14990234375,0.0050410853323124005
2019-12-13,4071.949951171875,0.0036478930245036345
2019-12-16,4039.449951171875,-0.007981434052411807
2019-12-17,4135.75,0.023839891567461358
2019-12-18,4119.35009765625,-0.003965399829232941
2019-12-19,4091.85009765625,-0.006675810345822875
2019-12-20,4135.60009765625,0.010691985032653006
2019-12-23,4160.0,0.005899966575002802
2019-12-24,4139.5,-0.004927884615384626
2019-12-26,4187.10009765625,0.011498996897270297
2019-12-27,4252.64990234375,0.015655179756555615
2019-12-30,4243.2998046875,-0.002198652104208443
2019-12-31,4234.75,-0.002014895265721073
2020-01-01,4231.2998046875,-0.0008147341194876256
2020-01-02,4246.0498046875,0.003485926471969547
2020-01-03,4193.4501953125,-0.01238789269898144
2020-01-06,3996.699951171875,-0.046918464504611346
2020-01-07,4007.64990234375,0.002739748118610885
2020-01-08,4049.949951171875,0.010554826359305158
2020-01-09,4124.2001953125,0.018333620176995025
2020-01-10,4144.85009765625,0.005007007750792658
2020-01-13,4164.5,0.0047407992763988105
2020-01-14,4193.0,0.006843558650498238
2020-01-15,4207.25,0.0033985213450988816
2020-01-16,4220.25,0.003089904331808224
2020-01-17,4231.75,0.002724957052307353
2020-01-20,4152.60009765625,-0.01870382284958938
2020-01-21,4138.60009765625,-0.0033713817056214568
2020-01-22,4142.2001953125,0.0008698829486541992
2020-01-23,4125.7998046875,-0.003959342825477052
2020-01-24,4194.5,0.01665136423595892
2020-01-27,4164.35009765625,-0.00718796098313268
2020-01-28,4213.0,0.011682471742981093
2020-01-29,4419.0,0.04889627343935432
2020-01-30,4364.2998046875,-0.012378410344535018
2020-01-31,4365.89990234375,0.00036663330381925263
2020-02-03,4359.35009765625,-0.0015002187026742497
2020-02-04,4519.25,0.036679757019221215
2020-02-05,4528.2001953125,0.0019804603225093143
2020-02-06,4666.35009765625,0.03050878856609729
2020-02-07,4654.2998046875,-0.0025823808151048677
2020-02-10,4721.75,0.01449201773477693
2020-02-11,4749.35009765625,0.005845311093609418
2020-02-12,4768.7001953125,0.00407426221659235
2020-02-13,4795.35009765625,0.005588504467096911
2020-02-14,4781.75,-0.0028361010936192033
2020-02-17,4776.64990234375,-0.0010665755541904298
2020-02-18,4758.0,-0.003904389629769356
2020-02-19,4878.0498046875,0.02523114852616648
2020-02-20,4880.4501953125,0.0004920799748073801
2020-02-24,4803.9501953125,-0.015674783460238095
2020-02-25,4825.9501953125,0.0045795645469985935
2020-02-26,4810.0,-0.003305089084423729
2020-02-27,4759.7998046875,-0.010436631042099798
2020-02-28,4465.85009765625,-0.061756737487523194
2020-03-02,4360.75,-0.023534174985275103
2020-03-03,4454.10009765625,0.021406890478988805
2020-03-04,4286.39990234375,-0.03765074687044956
2020-03-05,4330.7001953125,0.01033508164847774
2020-03-06,4225.85009765625,-0.024210888061412916
2020-03-09,4026.800048828125,-0.04710296016854043
2020-03-11,4030.64990234375,0.0009560577801088765
2020-03-12,3734.35009765625,-0.0735116697967757
2020-03-13,3952.550048828125,0.05843050208624567
2020-03-16,3672.25,-0.07091625542128932
2020-03-17,3444.85009765625,-0.061923862031111665
2020-03-18,3061.35009765625,-0.11132559882966153
2020-03-19,2746.10009765625,-0.10297744130648545
2020-03-20,2951.89990234375,0.07494257214554811
2020-03-23,2266.14990234375,-0.23230801269905121
2020-03-24,2474.199951171875,0.0918077169621263
2020-03-25,2585.60009765625,0.04502471452705814
2020-03-26,2793.699951171875,0.08048416060328112
2020-03-27,2542.300048828125,-0.0899881543249822
2020-03-30,2242.10009765625,-0.11808203021128538
2020-03-31,2215.800048828125,-0.011730095750683622
2020-04-01,2219.35009765625,0.0016021521571869535
2020-04-03,2207.5,-0.005339444943258109
